ID,Type of Object,Max Confidence,Avg Confidence,On-screen Duration

0,car,0.859224,0.690295,0.0730554
2,car,0.8376,0.611293,0.900894
15,car,0.263643,0.230494,0.389316
7,car,0.523271,0.363016,0.961501
3,car,0.941186,0.810521,2.14264
6,car,0.943951,0.798192,2.26126
20,car,0.425357,0.362564,0.312164
4,car,0.94315,0.795689,2.96701
10,car,0.941351,0.782923,2.78863
8,car,0.960886,0.763634,3.24857
12,car,0.937769,0.770343,3.12911
18,car,0.933794,0.786492,2.29223
14,car,0.919308,0.747884,3.23133
11,car,0.330967,0.250375,3.6857
16,car,0.945289,0.742013,3.57698
17,car,0.932857,0.793882,2.8598
19,car,0.957163,0.794976,2.57587
33,car,0.66365,0.399205,0.130319
30,car,0.881257,0.597895,0.35003
40,car,0.87759,0.729169,0.108165
22,car,0.958079,0.807551,2.12345
42,car,0.654868,0.583775,0.123209
45,car,0.757629,0.632868,0.124991
47,car,0.761746,0.633649,0.220192
37,car,0.946445,0.811266,0.807514
23,car,0.965212,0.800749,2.56776
21,car,0.937241,0.788113,3.30262
32,car,0.901047,0.70693,1.25836
50,car,0.783145,0.664848,0.145827
46,car,0.925748,0.772927,0.948964
41,car,0.964549,0.817485,1.28508
43,car,0.909296,0.781506,1.47519
26,car,0.962489,0.791532,3.05489
53,car,0.971876,0.907565,0.920803
25,car,0.935721,0.761433,3.64603
27,car,0.95236,0.819337,3.02644
29,car,0.971794,0.830893,2.61175
28,car,0.942664,0.827665,3.03337
63,car,0.805955,0.782343,0.0194298
58,car,0.856475,0.758713,0.649818
1,person,0.887116,0.518931,8.12046
24,car,0.953906,0.757835,4.06338
36,car,0.883439,0.649397,2.52488
9,person,0.860159,0.610431,7.22813
62,car,0.948542,0.917499,0.460297
54,car,0.767966,0.701155,1.38818
44,car,0.964958,0.855011,2.42294
61,car,0.967083,0.907511,1.08564
48,car,0.97328,0.870141,2.29968
70,car,0.920526,0.904652,0.187762
67,car,0.865823,0.816882,0.426813
38,car,0.956101,0.828587,3.57305
75,car,0.792939,0.734562,0.0943326
73,car,0.850077,0.805289,0.529294
52,car,0.972686,0.873984,3.03387
51,car,0.933139,0.808299,3.16035
64,car,0.944347,0.849867,2.31527
56,car,0.966209,0.875545,3.45981
59,car,0.9677,0.861342,3.44298
68,car,0.919642,0.785452,2.4107
60,car,0.96083,0.878311,3.50862
80,car,0.835543,0.824685,0.00773726
79,car,0.89929,0.768861,0.519173
78,car,0.901714,0.780747,0.52375
77,car,0.942745,0.879747,0.903515
76,car,0.892846,0.814312,0.985875
74,car,0.976412,0.902641,1.60066
71,car,0.965313,0.929754,1.86848
69,car,0.967178,0.893028,2.38578
66,car,0.956915,0.876584,2.70514
65,car,0.955848,0.839495,2.7405
57,car,0.96826,0.907075,3.69024
55,car,0.968991,0.882233,3.91674
49,car,0.97096,0.891183,4.3196
72,car,0.96066,0.893361,1.6978
13,car,0.925231,0.699358,9.73185
5,car,0.958977,0.789705,10.1278
34,car,0.960773,0.815991,5.4373
31,car,0.910773,0.780677,5.49817
35,car,0.972244,0.927954,5.4114
39,car,0.972365,0.871054,5.32792
81,car,0.879035,0.746513,0.455611
83,car,0.8376,0.611293,0.953738
96,car,0.263643,0.230494,0.378642
88,car,0.523271,0.363016,0.970441
84,car,0.941186,0.810521,2.20929
87,car,0.943951,0.798192,2.32373
101,car,0.425357,0.362564,0.302682
85,car,0.94315,0.795689,3.02984
91,car,0.941351,0.782923,2.79237
89,car,0.960886,0.763634,3.26147
93,car,0.937769,0.770343,3.13725
99,car,0.933794,0.786492,2.28585
95,car,0.919308,0.747884,3.27216
92,car,0.330967,0.250375,3.71612
97,car,0.945289,0.742013,3.58415
98,car,0.932857,0.793882,2.84937
100,car,0.957163,0.794976,2.57715
114,car,0.66365,0.399205,0.119993
111,car,0.881257,0.597895,0.345685
121,car,0.87759,0.729169,0.0838383
103,car,0.958079,0.807551,2.12281
123,car,0.654868,0.583775,0.102534
126,car,0.757629,0.632868,0.116773
128,car,0.761746,0.633649,0.20008
118,car,0.946445,0.811266,0.782399
104,car,0.965212,0.800749,2.53548
0,car,0.686727,0.61037,0.0378387
2,car,0.8376,0.611293,0.977255
7,car,0.523271,0.363016,1.02627
15,car,0.263643,0.230494,0.434177
3,car,0.941186,0.810521,2.23429
6,car,0.943951,0.798192,2.35249
20,car,0.425357,0.362564,0.299176
4,car,0.94315,0.795689,3.0749
10,car,0.941351,0.782923,2.86072
8,car,0.960886,0.763634,3.32212
12,car,0.937769,0.770343,3.21499
1,car,0.8376,0.611293,1.04611
14,car,0.263643,0.230494,0.439432
6,car,0.523271,0.363016,1.07108
2,car,0.941186,0.810521,2.40736
5,car,0.943951,0.798192,2.51054
19,car,0.425357,0.362564,0.345967
3,car,0.94315,0.795689,3.37272
9,car,0.941351,0.782923,3.1139
7,car,0.960886,0.763634,3.57131
11,car,0.937769,0.770343,3.44642
17,car,0.933794,0.786492,2.54156
13,car,0.919308,0.747884,3.56073
10,car,0.330967,0.250375,4.07138
16,car,0.932857,0.793882,3.20686
15,car,0.945289,0.742013,3.97369
18,car,0.957163,0.794976,2.92626
32,car,0.66365,0.399205,0.17654
29,car,0.881257,0.597895,0.420644
39,car,0.87759,0.729169,0.108176
21,car,0.958079,0.807551,2.39621
41,car,0.654868,0.583775,0.160134
44,car,0.757629,0.632868,0.176585
46,car,0.761746,0.633649,0.261906
36,car,0.946445,0.811266,1.00658
22,car,0.965212,0.800749,3.01792
20,car,0.937241,0.788113,3.81614
31,car,0.901047,0.70693,1.4923
49,car,0.783145,0.664848,0.208207
45,car,0.925748,0.772927,1.1144
40,car,0.964549,0.817485,1.51448
42,car,0.909296,0.781506,1.76728
25,car,0.962489,0.791532,3.7142
28,car,0.971794,0.830893,3.13233
52,car,0.971876,0.907565,1.10508
26,car,0.95236,0.819337,3.59626
24,car,0.935721,0.761433,4.35045
27,car,0.942664,0.827665,3.65233
62,car,0.805955,0.782343,0.0276941
57,car,0.856475,0.758713,0.81843
0,person,0.887116,0.53408,8.63025
23,car,0.953906,0.757835,4.7848
35,car,0.883439,0.649397,3.04736
8,person,0.860159,0.610431,8.28427
61,car,0.948542,0.917499,0.539368
53,car,0.767966,0.701155,1.6566
43,car,0.964958,0.855011,2.86865
60,car,0.967083,0.907511,1.28002
47,car,0.97328,0.870141,2.72705
69,car,0.920526,0.904652,0.212087
66,car,0.865823,0.816882,0.530556
37,car,0.956101,0.828587,4.14322
74,car,0.792939,0.734562,0.112976
72,car,0.850077,0.805289,0.649405
51,car,0.972686,0.873984,3.55333
50,car,0.933139,0.808299,3.7193
63,car,0.944347,0.849867,2.64898
55,car,0.966209,0.875545,4.04395
58,car,0.9677,0.861342,4.00263
67,car,0.919642,0.785452,2.71355
59,car,0.96083,0.878311,4.05719
79,car,0.835543,0.824685,0.02214
78,car,0.89929,0.768861,0.556876
77,car,0.901714,0.780747,0.587287
76,car,0.942745,0.879747,0.9112
75,car,0.892846,0.814312,1.06969
73,car,0.976412,0.902641,1.81276
70,car,0.965313,0.929754,2.10488
68,car,0.967178,0.893028,2.69122
65,car,0.956915,0.876584,3.03731
64,car,0.955848,0.839495,3.10092
56,car,0.96826,0.907075,4.24314
54,car,0.968991,0.882233,4.52293
48,car,0.97096,0.891183,4.99755
71,car,0.96066,0.893361,1.92209
12,car,0.925231,0.699358,11.1493
4,car,0.958977,0.789705,11.62
33,car,0.960773,0.815991,6.32164
30,car,0.910773,0.780677,6.391
34,car,0.972244,0.927954,6.27977
38,car,0.972365,0.871054,6.16374
80,car,0.879035,0.746513,0.573298
82,car,0.8376,0.611293,1.05845
95,car,0.263643,0.230494,0.443685
87,car,0.523271,0.363016,1.07144
83,car,0.941186,0.810521,2.41443
86,car,0.943951,0.798192,2.58606
100,car,0.425357,0.362564,0.411792
84,car,0.94315,0.795689,3.41483
90,car,0.941351,0.782923,3.17316
88,car,0.960886,0.763634,3.74111
92,car,0.937769,0.770343,3.59911
98,car,0.933794,0.786492,2.71126
94,car,0.919308,0.747884,3.77612
91,car,0.330967,0.250375,4.23439
97,car,0.932857,0.793882,3.36634
96,car,0.945289,0.742013,4.12461
99,car,0.957163,0.794976,3.03846
113,car,0.66365,0.399205,0.10398
110,car,0.881257,0.597895,0.40404
120,car,0.87759,0.729169,0.120809
102,car,0.958079,0.807551,2.51552
122,car,0.654868,0.583775,0.142573
125,car,0.757629,0.632868,0.158159
127,car,0.761746,0.633649,0.222832
117,car,0.946445,0.811266,0.951591
103,car,0.965212,0.800749,2.99746
101,car,0.937241,0.788113,3.823
112,car,0.901047,0.70693,1.39478
130,car,0.783145,0.664848,0.193196
126,car,0.925748,0.772927,0.973819
121,car,0.964549,0.817485,1.33199
123,car,0.909296,0.781506,1.59882
106,car,0.962489,0.791532,3.48364
133,car,0.971876,0.907565,0.994801
109,car,0.971794,0.830893,2.88849
107,car,0.95236,0.819337,3.37089
105,car,0.935721,0.761433,4.1212
108,car,0.942664,0.827665,3.43995
143,car,0.805955,0.782343,0.00904856
138,car,0.856475,0.758713,0.775644
81,person,0.887116,0.518931,9.66265
104,car,0.953906,0.757835,4.64131
116,car,0.883439,0.649397,2.88568
89,person,0.860159,0.610431,8.30305
142,car,0.948542,0.917499,0.6061
134,car,0.767966,0.701155,1.53436
124,car,0.964958,0.855011,2.69866
141,car,0.967083,0.907511,1.30381
128,car,0.97328,0.870141,2.60843
150,car,0.920526,0.904652,0.16756
147,car,0.865823,0.816882,0.444669
118,car,0.956101,0.828587,3.88191
155,car,0.792939,0.734562,0.0716293
153,car,0.850077,0.805289,0.546078
132,car,0.972686,0.873984,3.22989
131,car,0.933139,0.808299,3.39682
144,car,0.944347,0.849867,2.35439
136,car,0.966209,0.875545,3.73349
139,car,0.9677,0.861342,3.66455
148,car,0.919642,0.785452,2.3834
140,car,0.96083,0.878311,3.72132
160,car,0.835543,0.824685,0.00604979
159,car,0.89929,0.768861,0.527785
158,car,0.901714,0.780747,0.542173
157,car,0.942745,0.879747,0.894835
156,car,0.892846,0.814312,0.992187
154,car,0.976412,0.902641,1.6687
151,car,0.965313,0.929754,1.91756
149,car,0.967178,0.893028,2.40376
146,car,0.956915,0.876584,2.74737
145,car,0.955848,0.839495,2.76825
137,car,0.96826,0.907075,3.95134
135,car,0.968991,0.882233,4.13335
129,car,0.97096,0.891183,4.58746
115,car,0.972244,0.927954,5.82444
114,car,0.960773,0.815991,5.82817
111,car,0.910773,0.780677,5.87661
152,car,0.96066,0.893361,1.77458
93,car,0.925231,0.699358,10.8158
85,car,0.958977,0.789705,11.2844
119,car,0.972365,0.871054,5.70208
161,car,0.879035,0.746513,0.541755
163,car,0.8376,0.611293,1.1034
168,car,0.523271,0.363016,1.12121
176,car,0.263643,0.230494,0.400624
164,car,0.941186,0.810521,2.57661
167,car,0.943951,0.798192,2.68612
181,car,0.425357,0.362564,0.388991
165,car,0.94315,0.795689,3.52281
171,car,0.941351,0.782923,3.29097
173,car,0.937769,0.770343,3.69515
169,car,0.960886,0.763634,3.83473
179,car,0.933794,0.786492,2.76456
175,car,0.919308,0.747884,3.85379
172,car,0.330967,0.250375,4.40809
177,car,0.945289,0.742013,4.1328
178,car,0.932857,0.793882,3.39511
180,car,0.957163,0.794976,2.99621
194,car,0.66365,0.399205,0.140646
191,car,0.881257,0.597895,0.377283
201,car,0.87759,0.729169,0.0492341
183,car,0.958079,0.807551,2.4358
203,car,0.654868,0.583775,0.135399
206,car,0.757629,0.632868,0.189245
208,car,0.761746,0.633649,0.207972
198,car,0.946445,0.811266,0.84
184,car,0.965212,0.800749,2.90012
182,car,0.937241,0.788113,3.73771
193,car,0.901047,0.70693,1.33274
211,car,0.783145,0.664848,0.187845
207,car,0.925748,0.772927,0.977948
202,car,0.964549,0.817485,1.32897
204,car,0.909296,0.781506,1.65588
187,car,0.962489,0.791532,3.4122
190,car,0.971794,0.830893,2.87914
214,car,0.971876,0.907565,1.09105
188,car,0.95236,0.819337,3.36151
186,car,0.935721,0.761433,4.09591
189,car,0.942664,0.827665,3.40134
224,car,0.805955,0.782343,0.00872877
219,car,0.856475,0.758713,0.827749
162,person,0.887116,0.518931,9.68438
185,car,0.953906,0.757835,4.6345
197,car,0.883439,0.649397,2.80919
170,person,0.860159,0.610431,8.3378
223,car,0.948542,0.917499,0.533804
215,car,0.767966,0.701155,1.64484
205,car,0.964958,0.855011,2.75263
222,car,0.967083,0.907511,1.2798
209,car,0.97328,0.870141,2.6787
231,car,0.920526,0.904652,0.218708
228,car,0.865823,0.816882,0.481582
199,car,0.956101,0.828587,3.91391
236,car,0.792939,0.734562,0.0812542
234,car,0.850077,0.805289,0.629155
213,car,0.972686,0.873984,3.45229
212,car,0.933139,0.808299,3.59852
225,car,0.944347,0.849867,2.5371
217,car,0.966209,0.875545,3.94057
220,car,0.9677,0.861342,3.90475
229,car,0.919642,0.785452,2.63423
221,car,0.96083,0.878311,3.94556
241,car,0.835543,0.824685,0.00925284
240,car,0.89929,0.768861,0.610136
239,car,0.901714,0.780747,0.612378
238,car,0.942745,0.879747,0.978375
237,car,0.892846,0.814312,1.07495
235,car,0.976412,0.902641,1.80523
232,car,0.965313,0.929754,2.07795
230,car,0.967178,0.893028,2.60979
227,car,0.956915,0.876584,2.99787
226,car,0.955848,0.839495,3.04142
218,car,0.96826,0.907075,4.17979
216,car,0.968991,0.882233,4.44453
210,car,0.97096,0.891183,4.87462
196,car,0.972244,0.927954,6.01406
195,car,0.960773,0.815991,6.03353
192,car,0.910773,0.780677,6.08019
233,car,0.96066,0.893361,1.92547
174,car,0.925231,0.699358,11.0989
166,car,0.958977,0.789705,11.5874
200,car,0.972365,0.871054,5.83883
242,car,0.879035,0.746513,0.540693
244,car,0.8376,0.611293,1.10638
257,car,0.263643,0.230494,0.442863
249,car,0.523271,0.363016,1.14306
245,car,0.941186,0.810521,2.53142
248,car,0.943951,0.798192,2.65611
262,car,0.425357,0.362564,0.352219
252,car,0.941351,0.782923,3.26036
246,car,0.94315,0.795689,3.45746
250,car,0.960886,0.763634,3.80416
254,car,0.937769,0.770343,3.65625
260,car,0.933794,0.786492,2.65508
256,car,0.919308,0.747884,3.7754
253,car,0.330967,0.250375,4.33323
258,car,0.945289,0.742013,4.177
259,car,0.932857,0.793882,3.34473
261,car,0.957163,0.794976,2.97477
275,car,0.66365,0.399205,0.15023
272,car,0.881257,0.597895,0.400537
282,car,0.87759,0.729169,0.101742
264,car,0.958079,0.807551,2.50183
284,car,0.654868,0.583775,0.0741139
287,car,0.757629,0.632868,0.126366
289,car,0.761746,0.633649,0.192266
279,car,0.946445,0.811266,0.963599
265,car,0.965212,0.800749,3.00289
263,car,0.937241,0.788113,3.85676
274,car,0.901047,0.70693,1.40662
292,car,0.783145,0.664848,0.195088
288,car,0.925748,0.772927,0.93474
283,car,0.964549,0.817485,1.29625
285,car,0.909296,0.781506,1.48709
268,car,0.962489,0.791532,3.46358
271,car,0.971794,0.830893,2.85381
295,car,0.971876,0.907565,1.04188
269,car,0.95236,0.819337,3.39251
267,car,0.935721,0.761433,4.12367
270,car,0.942664,0.827665,3.40297
305,car,0.805955,0.782343,0.0437377
300,car,0.856475,0.758713,0.779031
243,person,0.887116,0.518931,9.58262
266,car,0.953906,0.757835,4.60653
278,car,0.883439,0.649397,2.84134
251,person,0.860159,0.610431,8.31841
304,car,0.948542,0.917499,0.558841
296,car,0.767966,0.701155,1.59592
286,car,0.964958,0.855011,2.6323
303,car,0.967083,0.907511,1.28257
290,car,0.97328,0.870141,2.53481
309,car,0.865823,0.816882,0.466642
312,car,0.920526,0.904652,0.192306
280,car,0.956101,0.828587,3.93537
317,car,0.792939,0.734562,0.064916
315,car,0.850077,0.805289,0.580718
294,car,0.972686,0.873984,3.31577
293,car,0.933139,0.808299,3.46765
306,car,0.944347,0.849867,2.4639
298,car,0.966209,0.875545,3.84486
301,car,0.9677,0.861342,3.81344
310,car,0.919642,0.785452,2.54917
302,car,0.96083,0.878311,3.90192
322,car,0.835543,0.824685,0.00773103
321,car,0.89929,0.768861,0.630336
320,car,0.901714,0.780747,0.648995
319,car,0.942745,0.879747,1.00397
318,car,0.892846,0.814312,1.09828
316,car,0.976412,0.902641,1.75027
313,car,0.965313,0.929754,2.07425
311,car,0.967178,0.893028,2.58685
308,car,0.956915,0.876584,2.93843
307,car,0.955848,0.839495,2.98213
299,car,0.96826,0.907075,4.09727
297,car,0.968991,0.882233,4.32293
291,car,0.97096,0.891183,4.7816
277,car,0.972244,0.927954,5.98481
276,car,0.960773,0.815991,6.00017
273,car,0.910773,0.780677,6.03679
314,car,0.96066,0.893361,1.87095
255,car,0.925231,0.699358,11.0211
247,car,0.958977,0.789705,11.4761
281,car,0.972365,0.871054,5.81775
323,car,0.879035,0.746513,0.642267
325,car,0.8376,0.611293,1.20163
330,car,0.523271,0.363016,1.22256
338,car,0.263643,0.230494,0.433115
326,car,0.941186,0.810521,2.70963
329,car,0.943951,0.798192,2.84157
343,car,0.425357,0.362564,0.398819
333,car,0.941351,0.782923,3.48969
327,car,0.94315,0.795689,3.79963
335,car,0.937769,0.770343,3.92056
331,car,0.960886,0.763634,4.10626
341,car,0.933794,0.786492,3.01436
337,car,0.919308,0.747884,4.11466
334,car,0.330967,0.250375,4.62984
339,car,0.945289,0.742013,4.49874
340,car,0.932857,0.793882,3.71788
342,car,0.957163,0.794976,3.30876
356,car,0.66365,0.399205,0.154692
353,car,0.881257,0.597895,0.439237
363,car,0.87759,0.729169,0.0627134
345,car,0.958079,0.807551,2.79088
365,car,0.654868,0.583775,0.17283
368,car,0.757629,0.632868,0.19383
370,car,0.761746,0.633649,0.220812
360,car,0.946445,0.811266,0.985844
346,car,0.965212,0.800749,3.25357
344,car,0.937241,0.788113,4.16893
355,car,0.901047,0.70693,1.4653
373,car,0.783145,0.664848,0.22094
369,car,0.925748,0.772927,1.13217
364,car,0.964549,0.817485,1.56807
374,car,0.933139,0.861102,0.727334
366,car,0.909296,0.781506,1.84213
349,car,0.962489,0.791532,3.8758
352,car,0.971794,0.830893,3.22715
376,car,0.971876,0.907565,1.16808
350,car,0.95236,0.819337,3.81741
348,car,0.935721,0.761433,4.6477
351,car,0.942664,0.827665,3.82895
386,car,0.805955,0.782343,0.00349109
381,car,0.856475,0.758713,0.921002
324,person,0.887116,0.518931,10.6009
347,car,0.953906,0.757835,5.19278
359,car,0.883439,0.649397,3.17811
332,person,0.860159,0.610431,9.22413
385,car,0.948542,0.917499,0.651627
377,car,0.767966,0.701155,1.87281
367,car,0.964958,0.855011,3.14881
384,car,0.967083,0.907511,1.5221
371,car,0.97328,0.870141,3.05197
393,car,0.920526,0.904652,0.241085
390,car,0.865823,0.816882,0.592801
361,car,0.956101,0.828587,4.48436
398,car,0.792939,0.734562,0.12261
396,car,0.850077,0.805289,0.69354
375,car,0.972686,0.873984,3.92836
374,car,0.900912,0.78275,2.36257
387,car,0.944347,0.849867,2.92483
379,car,0.966209,0.875545,4.40381
382,car,0.9677,0.861342,4.34784
403,car,0.835543,0.824685,0.00910804
402,car,0.89929,0.768861,0.570145
401,car,0.901714,0.780747,0.577159
400,car,0.942745,0.879747,0.977411
399,car,0.892846,0.814312,1.10365
397,car,0.976412,0.902641,1.91733
394,car,0.965313,0.929754,2.1659
392,car,0.967178,0.893028,2.81585
389,car,0.956915,0.876584,3.26046
388,car,0.955848,0.839495,3.31628
380,car,0.96826,0.907075,4.60167
378,car,0.968991,0.882233,4.88674
372,car,0.97096,0.891183,5.43986
358,car,0.972244,0.927954,6.72082
357,car,0.960773,0.815991,6.7595
354,car,0.910773,0.780677,6.7877
395,car,0.96066,0.893361,2.01023
336,car,0.925231,0.699358,12.2362
391,car,0.919642,0.785452,2.86294
328,car,0.958977,0.789705,12.7956
383,car,0.96083,0.878311,4.40071
362,car,0.972365,0.871054,6.6129
404,car,0.879035,0.746513,0.654037
406,car,0.8376,0.611293,1.13234
411,car,0.523271,0.363016,1.16326
419,car,0.263643,0.230494,0.467681
407,car,0.941186,0.810521,2.81988
410,car,0.943951,0.798192,2.88677
424,car,0.425357,0.362564,0.451869
414,car,0.941351,0.782923,3.67007
408,car,0.94315,0.795689,3.99274
412,car,0.960886,0.763634,4.2855
416,car,0.937769,0.770343,4.11837
422,car,0.933794,0.786492,3.07274
418,car,0.919308,0.747884,4.30089
415,car,0.330967,0.250375,4.85038
421,car,0.932857,0.793882,3.77009
420,car,0.945289,0.742013,4.70482
423,car,0.957163,0.794976,3.38652
437,car,0.66365,0.399205,0.183424
434,car,0.881257,0.597895,0.441376
444,car,0.87759,0.729169,0.111093
426,car,0.958079,0.807551,2.71808
446,car,0.654868,0.583775,0.157947
449,car,0.757629,0.632868,0.216573
451,car,0.761746,0.633649,0.207301
441,car,0.946445,0.811266,1.05774
427,car,0.965212,0.800749,3.27605
425,car,0.937241,0.788113,4.33515
436,car,0.901047,0.70693,1.63438
454,car,0.783145,0.664848,0.252046
450,car,0.925748,0.772927,1.18376
445,car,0.964549,0.817485,1.60953
455,car,0.933139,0.861102,0.647039
447,car,0.909296,0.781506,1.80142
430,car,0.962489,0.791532,3.86705
433,car,0.971794,0.830893,3.25559
457,car,0.971876,0.907565,1.07174
431,car,0.95236,0.819337,3.75618
429,car,0.935721,0.761433,4.63692
432,car,0.942664,0.827665,3.85037
467,car,0.805955,0.782343,0.032977
462,car,0.856475,0.758713,0.843329
440,car,0.883439,0.649397,3.25373
428,car,0.953906,0.757835,5.19895
405,person,0.887116,0.518931,10.9183
466,car,0.948542,0.917499,0.706041
413,person,0.860159,0.610431,9.39571
458,car,0.767966,0.701155,1.78154
448,car,0.964958,0.855011,3.13521
465,car,0.967083,0.907511,1.50566
452,car,0.97328,0.870141,3.01607
474,car,0.920526,0.904652,0.227424
471,car,0.865823,0.816882,0.516855
442,car,0.956101,0.828587,4.54778
479,car,0.792939,0.734562,0.241158
477,car,0.850077,0.805289,0.576444
455,car,0.900912,0.78275,2.12639
456,car,0.972686,0.873984,3.67601
468,car,0.944347,0.849867,2.70772
460,car,0.966209,0.875545,4.06715
463,car,0.9677,0.861342,4.14115
472,car,0.919642,0.785452,2.6435
484,car,0.835543,0.824685,0.00563525
483,car,0.89929,0.768861,0.536409
482,car,0.901714,0.780747,0.53825
481,car,0.942745,0.879747,0.866426
480,car,0.892846,0.814312,1.11211
478,car,0.976412,0.902641,1.71262
475,car,0.965313,0.929754,1.94397
473,car,0.967178,0.893028,2.61076
470,car,0.956915,0.876584,3.04944
469,car,0.955848,0.839495,3.08621
461,car,0.96826,0.907075,4.33744
459,car,0.968991,0.882233,4.66542
453,car,0.97096,0.891183,5.15972
439,car,0.972244,0.927954,6.57701
438,car,0.960773,0.815991,6.59352
435,car,0.910773,0.780677,6.64521
476,car,0.96066,0.893361,1.76021
417,car,0.925231,0.699358,12.2201
409,car,0.958977,0.789705,12.7221
464,car,0.96083,0.878311,4.16075
443,car,0.972365,0.871054,6.40231
485,car,0.879035,0.776201,0.411562
487,car,0.8376,0.611293,1.00121
492,car,0.523271,0.363016,1.09813
500,car,0.263643,0.230494,0.498499
488,car,0.941186,0.810521,2.63519
491,car,0.943951,0.801326,2.81987
505,car,0.425357,0.362564,0.267052
495,car,0.941351,0.784847,3.47928
489,car,0.94315,0.796672,3.64574
497,car,0.937769,0.770343,3.9166
493,car,0.960886,0.76367,3.96748
496,car,0.330967,0.250566,4.61919
502,car,0.932857,0.793514,3.52523
501,car,0.945289,0.741238,4.3779
503,car,0.933794,0.779581,3.98685
499,car,0.919308,0.743077,5.11896
518,car,0.66365,0.3945,0.0639824
512,car,0.779291,0.622996,1.04984
526,car,0.87759,0.729169,0.24759
507,car,0.958079,0.809855,2.70116
504,car,0.957163,0.810352,3.73666
527,car,0.654868,0.583775,0.156271
530,car,0.757629,0.632868,0.165744
510,car,0.935721,0.76219,2.65047
532,car,0.761746,0.638747,0.219707
523,car,0.946445,0.806781,0.96889
508,car,0.965212,0.799794,3.12893
506,car,0.937241,0.786757,3.94805
516,car,0.901047,0.707527,1.27778
535,car,0.783145,0.664848,0.231399
531,car,0.925748,0.770823,0.991302
522,car,0.964549,0.804389,1.76651
528,car,0.909296,0.778512,1.43171
511,car,0.962489,0.789698,3.36693
538,car,0.971876,0.906204,1.10749
515,car,0.971794,0.829899,2.94952
514,car,0.95236,0.826241,3.07278
513,car,0.942664,0.830333,3.33802
548,car,0.805955,0.782343,0.00905882
543,car,0.856475,0.758713,0.655841
486,person,0.887116,0.522352,9.55206
547,car,0.948542,0.917499,0.529592
521,car,0.883439,0.652911,2.84078
509,car,0.953906,0.757035,4.63949
494,person,0.860159,0.611847,8.53535
539,car,0.761473,0.698251,1.50205
529,car,0.964958,0.854115,2.51745
546,car,0.967083,0.907511,1.20072
545,car,0.96083,0.890366,1.2451
533,car,0.97328,0.872008,2.3993
553,car,0.865823,0.816882,0.540889
555,car,0.920526,0.904652,0.133493
524,car,0.956101,0.82754,3.86495
560,car,0.792939,0.734562,0.0520268
558,car,0.850077,0.805289,0.653196
537,car,0.972686,0.873431,3.44119
536,car,0.933139,0.808195,3.62812
549,car,0.944347,0.849255,2.70794
541,car,0.966209,0.875307,4.00875
565,car,0.835543,0.824685,0.0157547
564,car,0.89929,0.768861,0.434589
563,car,0.901714,0.780747,0.598537
562,car,0.942745,0.879747,0.921769
561,car,0.892846,0.814312,0.964991
545,car,0.928887,0.861144,1.64455
559,car,0.976412,0.902641,1.80257
556,car,0.965313,0.929754,1.94243
554,car,0.919642,0.785452,2.73473
552,car,0.952636,0.835572,2.89889
551,car,0.956915,0.876856,2.9175
550,car,0.967178,0.883225,3.09609
544,car,0.9677,0.861015,3.9055
542,car,0.96826,0.90803,4.06019
540,car,0.968991,0.88211,4.36931
534,car,0.97096,0.890701,4.89316
520,car,0.972244,0.927731,6.00031
519,car,0.960773,0.815938,6.00634
517,car,0.910773,0.780941,6.01861
557,car,0.96066,0.893361,1.88186
498,car,0.925231,0.704191,11.3854
490,car,0.958977,0.789664,11.7962
525,car,0.972365,0.8725,6.07647
566,car,0.879035,0.741224,0.604615
568,car,0.8376,0.611293,1.04274
581,car,0.263643,0.230494,0.552237
573,car,0.523271,0.363016,1.17664
569,car,0.941186,0.810521,2.72747
572,car,0.943951,0.801326,2.84884
586,car,0.425357,0.362564,0.338799
570,car,0.94315,0.796416,3.49684
576,car,0.941351,0.783096,3.52874
578,car,0.937769,0.770343,3.83984
574,car,0.960886,0.764805,3.89983
584,car,0.933794,0.785936,2.47747
580,car,0.919308,0.74794,3.95111
577,car,0.330967,0.250566,4.55353
582,car,0.945289,0.740034,4.29485
583,car,0.932857,0.791784,3.2637
585,car,0.957163,0.795985,2.94508
599,car,0.66365,0.399205,0.286775
596,car,0.881257,0.597895,0.416435
606,car,0.87759,0.729169,0.179116
588,car,0.958079,0.808411,2.49673
611,car,0.757629,0.632868,0.293664
608,car,0.654868,0.583775,0.312211
613,car,0.761746,0.633649,0.259718
603,car,0.946445,0.811266,0.96454
589,car,0.965212,0.801828,3.1537
587,car,0.937241,0.788233,3.92639
598,car,0.901047,0.70693,1.62206
616,car,0.783145,0.664848,0.238792
612,car,0.925748,0.773669,1.08114
607,car,0.964549,0.81805,1.69673
592,car,0.962489,0.794626,3.79333
595,car,0.971794,0.832922,3.09907
619,car,0.964498,0.904026,1.0621
593,car,0.95236,0.821066,3.65106
591,car,0.935721,0.760955,4.49278
594,car,0.942664,0.829929,3.89294
628,car,0.805955,0.805955,0
623,car,0.856475,0.758454,0.868221
609,car,0.922374,0.797402,2.56828
567,person,0.887116,0.517832,10.3013
627,car,0.948542,0.91665,0.627989
602,car,0.883439,0.649359,3.275
575,person,0.860159,0.610025,8.86827
620,car,0.767966,0.701155,1.85094
610,car,0.964958,0.853679,3.04739
626,car,0.967083,0.908331,1.3018
614,car,0.97328,0.869269,2.6847
635,car,0.920526,0.904652,0.125458
632,car,0.865823,0.816882,0.409696
604,car,0.956101,0.828206,4.3591
640,car,0.792939,0.734562,0.259566
618,car,0.972686,0.873018,3.62898
638,car,0.850077,0.805289,0.686458
617,car,0.933139,0.806909,3.82679
629,car,0.944347,0.849867,2.58749
590,car,0.966209,0.832287,8.00979
633,car,0.919642,0.785452,2.79627
624,car,0.9677,0.861095,4.09398
625,car,0.96083,0.877955,4.1133
645,car,0.835543,0.824685,0.00163153
644,car,0.89929,0.768861,0.701906
643,car,0.901714,0.780747,0.715627
642,car,0.942745,0.879747,1.00199
641,car,0.892846,0.814312,1.06154
639,car,0.976412,0.902641,1.92559
637,car,0.96066,0.893361,2.09381
636,car,0.965313,0.929754,2.17269
631,car,0.956915,0.876584,3.22976
621,car,0.968991,0.881622,4.62142
615,car,0.97096,0.891628,5.14241
605,car,0.970143,0.900709,6.26991
601,car,0.972244,0.928139,6.63665
600,car,0.960773,0.815569,6.6373
597,car,0.910773,0.780493,6.68954
579,car,0.925231,0.697733,11.7837
634,car,0.967178,0.893028,2.79438
630,car,0.955848,0.839495,3.25794
571,car,0.958977,0.789592,12.2152
622,car,0.972365,0.871798,4.65058
646,car,0.879035,0.742261,0.677285
660,car,0.263643,0.230494,0.331617
653,car,0.523271,0.354043,1.50783
648,car,0.8376,0.604377,1.69405
649,car,0.941186,0.810479,3.38464
652,car,0.943951,0.795628,3.44752
666,car,0.425357,0.362564,0.492099
658,car,0.94315,0.807938,3.71863
656,car,0.941351,0.784444,3.80525
657,car,0.937769,0.76687,4.29856
654,car,0.960886,0.765363,4.81801
663,car,0.933794,0.786815,3.01078
664,car,0.330967,0.265082,2.55122
650,car,0.937241,0.739253,5.75581
662,car,0.932857,0.792931,3.85191
661,car,0.924291,0.738624,4.89492
683,car,0.696666,0.545985,0.0355183
679,car,0.66365,0.426553,0.280741
665,car,0.957163,0.791909,3.60612
687,car,0.87759,0.729169,0.035445
668,car,0.958079,0.808833,2.86977
688,car,0.654868,0.582682,0.278121
691,car,0.757629,0.632868,0.288716
693,car,0.684783,0.621787,0.119317
684,car,0.946445,0.80737,1.08692
669,car,0.965212,0.801904,3.42885
667,car,0.937241,0.788413,4.43235
696,car,0.783145,0.664848,0.124156
678,car,0.901047,0.708732,1.72288
692,car,0.925748,0.771905,1.0159
700,car,0.755136,0.661497,0.1628
676,car,0.964549,0.794217,2.28941
689,car,0.909296,0.778326,2.04977
675,car,0.971794,0.829939,3.25295
672,car,0.962489,0.789383,4.04343
699,car,0.971876,0.907565,1.00046
673,car,0.95236,0.819345,3.75312
671,car,0.935721,0.761542,4.65495
674,car,0.942664,0.828097,3.97445
709,car,0.805955,0.782343,0.00546561
704,car,0.856475,0.758713,0.876698
647,person,0.887116,0.516009,11.3508
670,car,0.953906,0.768117,5.21129
682,car,0.883439,0.650269,3.19009
708,car,0.948542,0.917499,0.59388
655,person,0.855176,0.607957,9.94824
700,car,0.767966,0.711592,0.448586
690,car,0.964958,0.854522,3.00232
707,car,0.967083,0.907511,1.49609
694,car,0.97328,0.870118,2.93345
713,car,0.865823,0.816882,0.502287
685,car,0.956101,0.82902,4.38741
720,car,0.792939,0.734562,0.175172
698,car,0.972686,0.873808,3.67139
718,car,0.846792,0.801844,0.704294
697,car,0.933139,0.808468,3.74521
710,car,0.944347,0.849334,2.60174
702,car,0.966209,0.876233,4.19933
705,car,0.9677,0.861716,4.25303
714,car,0.919642,0.783153,2.73126
706,car,0.96083,0.878188,4.27891
725,car,0.835543,0.824685,0.00521529
724,car,0.89929,0.773832,0.673703
723,car,0.901714,0.786469,0.682768
722,car,0.942745,0.880326,1.11557
721,car,0.892846,0.81547,1.25095
719,car,0.976412,0.904443,1.82117
717,car,0.96066,0.892703,2.03916
716,car,0.965313,0.927106,2.47599
715,car,0.967178,0.892613,2.75899
712,car,0.956915,0.876225,3.22049
711,car,0.955848,0.841454,3.23617
703,car,0.96826,0.907356,4.50073
701,car,0.968991,0.883746,4.73904
695,car,0.97096,0.891532,5.30187
681,car,0.972244,0.928156,6.71829
680,car,0.960773,0.815906,6.72648
677,car,0.910773,0.781298,6.75436
659,car,0.925231,0.69876,12.6917
651,car,0.958977,0.788884,13.3938
686,car,0.972365,0.871147,6.34664
726,car,0.879035,0.746513,0.507521
728,car,0.8376,0.611293,1.31289
733,car,0.523271,0.363016,1.33527
729,car,0.941186,0.809609,2.7643
732,car,0.943951,0.797441,2.98182
745,car,0.425357,0.362564,0.436285
730,car,0.94315,0.794922,3.90217
736,car,0.941351,0.782241,3.4845
739,car,0.479691,0.279824,3.78648
734,car,0.960886,0.763147,4.23817
738,car,0.937769,0.769841,3.99273
743,car,0.933794,0.786492,2.89756
740,car,0.919308,0.750066,4.18728
737,car,0.330967,0.25268,4.71736
742,car,0.932857,0.793882,3.61403
741,car,0.945289,0.741952,4.58174
743,car,0.59722,0.476782,0.0342122
762,car,0.720866,0.575131,0.0541274
740,car,0.522146,0.515262,0.13192
758,car,0.66365,0.399205,0.175176
766,car,0.87759,0.729169,0.0371433
747,car,0.958079,0.807125,2.45414
744,car,0.957163,0.806667,3.71638
768,car,0.654868,0.583775,0.058349
771,car,0.757629,0.632868,0.227132
773,car,0.761746,0.633649,0.238329
763,car,0.946445,0.811266,1.17104
748,car,0.965212,0.800964,3.23955
746,car,0.937241,0.787503,4.22895
757,car,0.901047,0.70693,1.61238
776,car,0.783145,0.678728,0.115203
780,car,0.755136,0.661497,0.122217
772,car,0.925748,0.776133,1.11757
767,car,0.964549,0.815743,1.34725
761,car,0.883439,0.64808,1.95594
777,car,0.933139,0.861102,0.604562
769,car,0.909296,0.781506,1.76728
751,car,0.962489,0.7905,3.97119
755,car,0.971794,0.832827,3.30312
779,car,0.971876,0.907565,1.20349
752,car,0.95236,0.818959,3.78961
750,car,0.935721,0.760909,4.53695
789,car,0.805955,0.782343,0.0034572
784,car,0.856475,0.758713,0.900278
753,car,0.942664,0.828429,3.96119
749,car,0.953906,0.768187,5.17362
727,person,0.887116,0.519369,10.9701
761,car,0.689631,0.659592,0.198428
788,car,0.948542,0.917499,0.490157
735,person,0.860159,0.610357,9.21927
780,car,0.767966,0.711592,0.501371
770,car,0.964958,0.853197,2.92244
787,car,0.967083,0.908632,1.38227
786,car,0.96083,0.888316,1.41622
774,car,0.97328,0.869335,2.94864
793,car,0.865823,0.816882,0.667559
796,car,0.920526,0.904652,0.26348
764,car,0.956101,0.828916,4.5913
801,car,0.792939,0.734562,0.0413763
799,car,0.850077,0.805289,0.557209
778,car,0.972686,0.873818,3.7295
777,car,0.900912,0.781922,2.18982
790,car,0.944347,0.850223,2.7265
782,car,0.966209,0.875933,4.34768
785,car,0.9677,0.861036,4.0828
794,car,0.919642,0.785577,2.71438
786,car,0.928887,0.859423,1.59597
806,car,0.835543,0.835543,0
805,car,0.89929,0.770548,0.786616
804,car,0.901714,0.778558,0.797641
803,car,0.942745,0.878772,1.27554
802,car,0.892269,0.812934,1.31865
800,car,0.972766,0.901784,2.01129
798,car,0.96066,0.89313,2.05079
797,car,0.965313,0.929935,2.26283
795,car,0.967178,0.893497,2.93377
792,car,0.956915,0.876831,3.27441
791,car,0.955848,0.838992,3.48771
783,car,0.96826,0.907538,4.74897
781,car,0.968991,0.881755,4.94482
775,car,0.97096,0.893294,5.31449
760,car,0.972244,0.928241,6.8503
759,car,0.960773,0.816306,6.87072
756,car,0.910773,0.780719,6.90565
754,car,0.925231,0.754331,7.49362
731,car,0.958977,0.788998,12.934
765,car,0.972365,0.871114,6.52439
807,car,0.879035,0.745589,0.547103
809,car,0.8376,0.607422,0.951895
822,car,0.263643,0.230494,0.389827
814,car,0.523271,0.363016,1.10796
810,car,0.941186,0.809305,2.67242
813,car,0.943951,0.797311,2.86138
827,car,0.425357,0.362564,0.37365
817,car,0.941351,0.787059,3.38915
811,car,0.960886,0.771624,3.98995
818,car,0.937769,0.767882,3.70414
825,car,0.933794,0.785957,2.70293
824,car,0.932857,0.800467,2.7199
819,car,0.330967,0.248259,4.25055
815,car,0.919308,0.726746,4.43862
823,car,0.945289,0.741838,4.13286
820,car,0.94315,0.798818,4.75109
826,car,0.957163,0.794982,2.76961
841,car,0.66365,0.399205,0.241678
838,car,0.881257,0.597895,0.401903
848,car,0.87759,0.729169,0.0335729
829,car,0.958079,0.809589,2.17
852,car,0.757629,0.632868,0.123568
849,car,0.654868,0.583775,0.130031
854,car,0.761746,0.633649,0.176313
845,car,0.946445,0.811266,0.790754
830,car,0.965212,0.801332,2.79292
828,car,0.937241,0.788777,3.63502
840,car,0.901047,0.70693,1.41089
857,car,0.783145,0.662069,0.207274
853,car,0.925748,0.772927,0.882692
861,car,0.755136,0.661497,0.118336
0,car,0.686727,0.598071,0.0186194
2,car,0.8376,0.611293,0.978809
15,car,0.263643,0.230494,0.450486
7,car,0.523271,0.363016,1.01273
3,car,0.941186,0.810521,2.29555
6,car,0.943951,0.798192,2.42696
20,car,0.425357,0.362564,0.279582
4,car,0.94315,0.795689,3.15335
10,car,0.941351,0.782923,2.93933
8,car,0.960886,0.763634,3.40001
12,car,0.937769,0.770343,3.30375
18,car,0.933794,0.786492,2.41057
14,car,0.919308,0.747884,3.44408
11,car,0.330967,0.250375,3.89346
16,car,0.945289,0.742013,3.82209
17,car,0.932857,0.793882,3.04476
19,car,0.957163,0.794976,2.70279
33,car,0.66365,0.399205,0.144253
30,car,0.881257,0.597895,0.385565
40,car,0.87759,0.729169,0.088426
22,car,0.958079,0.807551,2.29059
42,car,0.654868,0.583775,0.139676
45,car,0.757629,0.632868,0.144716
47,car,0.761746,0.633649,0.181557
37,car,0.946445,0.811266,0.844182
23,car,0.965212,0.800749,2.71898
21,car,0.937241,0.788113,3.48733
32,car,0.901047,0.70693,1.2945
50,car,0.783145,0.664848,0.158543
46,car,0.925748,0.772927,0.897219
41,car,0.964549,0.817485,1.29625
43,car,0.909296,0.781506,1.49629
26,car,0.962489,0.791532,3.28817
53,car,0.971876,0.907565,1.00732
27,car,0.95236,0.819337,3.18175
29,car,0.971794,0.830893,2.73456
25,car,0.935721,0.761433,3.87849
28,car,0.942664,0.827665,3.22137
63,car,0.805955,0.782343,0.012108
58,car,0.856475,0.758713,0.744195
1,person,0.887116,0.518931,8.55976
24,car,0.953906,0.757835,4.34593
36,car,0.883439,0.649397,2.67731
9,person,0.860159,0.610431,7.67503
62,car,0.948542,0.917499,0.525659
54,car,0.767966,0.701155,1.57866
44,car,0.964958,0.855011,2.59732
61,car,0.967083,0.907511,1.27021
48,car,0.97328,0.870141,2.53302
67,car,0.865823,0.816882,0.530088
70,car,0.920526,0.904652,0.232838
38,car,0.956101,0.828587,3.85855
75,car,0.792939,0.734562,0.0864126
73,car,0.850077,0.805289,0.647446
52,car,0.972686,0.873984,3.42949
51,car,0.933139,0.808299,3.57287
64,car,0.944347,0.849867,2.76165
56,car,0.966209,0.875545,4.04426
59,car,0.9677,0.861342,4.0328
68,car,0.919642,0.785452,2.82211
60,car,0.96083,0.878311,4.10984
80,car,0.835543,0.824685,0.00567508
79,car,0.89929,0.768861,0.578658
78,car,0.901714,0.780747,0.607374
77,car,0.942745,0.879747,1.05182
76,car,0.892846,0.814312,1.16486
74,car,0.976412,0.902641,1.94293
71,car,0.965313,0.929754,2.22302
69,car,0.967178,0.893028,2.77866
66,car,0.956915,0.876584,3.16986
65,car,0.955848,0.839495,3.20913
57,car,0.96826,0.907075,4.28456
55,car,0.968991,0.882233,4.5275
49,car,0.97096,0.891183,4.94992
72,car,0.96066,0.893361,2.05911
13,car,0.925231,0.699358,10.6616
5,car,0.958977,0.789705,11.0777
34,car,0.960773,0.815991,6.0968
31,car,0.910773,0.780677,6.12304
35,car,0.972244,0.927954,6.07897
39,car,0.972365,0.871054,6.00514
81,car,0.879035,0.746513,0.502689
83,car,0.8376,0.611293,1.15901
96,car,0.263643,0.230494,0.45222
88,car,0.523271,0.363016,1.16577
84,car,0.941186,0.810521,2.69847
87,car,0.943951,0.798192,2.8383
101,car,0.425357,0.362564,0.451959
85,car,0.94315,0.795689,3.89651
91,car,0.941351,0.782923,3.64897
89,car,0.960886,0.763634,4.20623
93,car,0.937769,0.770343,4.13054
99,car,0.933794,0.786492,2.98977
95,car,0.919308,0.747884,4.18814
92,car,0.330967,0.250375,4.80349
98,car,0.932857,0.793882,3.90315
97,car,0.945289,0.742013,4.80918
100,car,0.957163,0.794976,3.64004
114,car,0.66365,0.399205,0.22332
111,car,0.881257,0.597895,0.589426
121,car,0.87759,0.729169,0.0534475
103,car,0.958079,0.807551,3.13034
123,car,0.654868,0.583775,0.178881
126,car,0.757629,0.632868,0.238588
128,car,0.761746,0.633649,0.257856
118,car,0.946445,0.811266,1.44776
104,car,0.965212,0.800749,3.91016
102,car,0.937241,0.788113,4.91889
113,car,0.901047,0.70693,1.97831
131,car,0.783145,0.664848,0.253058
108,car,0.95236,0.81952,3.39859
106,car,0.935721,0.761576,4.21219
127,car,0.925748,0.772927,1.2992
135,car,0.755136,0.661497,0.263093
122,car,0.964549,0.817485,1.8299
132,car,0.933139,0.861102,0.728279
124,car,0.909296,0.781506,2.02171
107,car,0.962489,0.791532,4.7166
106,car,0.764464,0.752284,0.00350511
108,car,0.795398,0.795398,0
134,car,0.971876,0.907565,1.2808
110,car,0.971794,0.830893,3.88548
109,car,0.942664,0.827665,4.49435
144,car,0.805955,0.782343,0.0068192
139,car,0.856475,0.758713,0.909248
82,person,0.887116,0.518931,11.394
105,car,0.953906,0.757835,5.87224
117,car,0.883439,0.649397,3.69245
90,person,0.860159,0.610431,9.99494
143,car,0.948542,0.917499,0.566245
135,car,0.767966,0.711592,0.547523
125,car,0.964958,0.855011,3.35265
142,car,0.967083,0.907511,1.51282
141,car,0.96083,0.888366,1.5911
129,car,0.97328,0.870141,3.14702
151,car,0.920526,0.904652,0.242037
148,car,0.865823,0.816882,0.53197
119,car,0.956101,0.828587,4.97323
156,car,0.792939,0.734562,0.0983575
154,car,0.850077,0.805289,0.677319
133,car,0.972686,0.873984,3.9896
132,car,0.900912,0.78275,2.36045
145,car,0.944347,0.849867,2.90079
137,car,0.966209,0.875545,4.41373
140,car,0.9677,0.861342,4.37083
161,car,0.835543,0.824685,0.0155297
160,car,0.89929,0.768861,0.603154
159,car,0.901714,0.780747,0.607851
158,car,0.942745,0.879747,1.01932
157,car,0.892846,0.814312,1.1102
141,car,0.928887,0.861144,1.77218
155,car,0.976412,0.902641,1.92283
152,car,0.965313,0.929754,2.22631
150,car,0.967178,0.893028,2.86042
147,car,0.956915,0.876584,3.30923
146,car,0.955848,0.839495,3.36436
138,car,0.96826,0.907075,4.63954
136,car,0.968991,0.882233,4.97113
130,car,0.97096,0.891183,5.537
116,car,0.972244,0.927954,7.2812
115,car,0.960773,0.815991,7.29367
112,car,0.910773,0.780677,7.37696
153,car,0.96066,0.893361,2.06189
94,car,0.925231,0.699358,13.0184
149,car,0.919642,0.785452,2.87038
86,car,0.958977,0.789705,13.5498
120,car,0.972365,0.871054,6.85609
162,car,0.879035,0.746513,0.598213
164,car,0.8376,0.611293,1.19455
169,car,0.523271,0.363016,1.22807
177,car,0.263643,0.230494,0.478737
165,car,0.941186,0.810521,2.64418
168,car,0.943951,0.798192,2.74083
182,car,0.425357,0.362564,0.29198
166,car,0.94315,0.795689,3.52549
172,car,0.941351,0.782923,3.23565
174,car,0.937769,0.770343,3.60784
170,car,0.960886,0.763634,3.76532
180,car,0.933794,0.786492,2.47551
176,car,0.919308,0.747884,3.74105
173,car,0.330967,0.250375,4.23457
178,car,0.945289,0.742013,3.97069
179,car,0.932857,0.793882,3.11792
181,car,0.957163,0.794976,2.84205
195,car,0.66365,0.399205,0.134153
192,car,0.881257,0.597895,0.404335
202,car,0.87759,0.729169,0.0903433
184,car,0.958079,0.807551,2.42953
204,car,0.654868,0.583775,0.15911
207,car,0.757629,0.632868,0.181926
209,car,0.761746,0.633649,0.321089
199,car,0.946445,0.811266,1.0114
185,car,0.965212,0.800749,2.99147
183,car,0.937241,0.788113,3.75526
194,car,0.901047,0.70693,1.43228
212,car,0.783145,0.664848,0.189714
208,car,0.925748,0.772927,1.00842
203,car,0.964549,0.817485,1.40689
205,car,0.909296,0.781506,1.67561
188,car,0.962489,0.791532,3.59681
191,car,0.971794,0.830893,3.05041
215,car,0.971876,0.907565,1.08481
189,car,0.95236,0.819337,3.49573
187,car,0.935721,0.761433,4.19889
190,car,0.942664,0.827665,3.53255
225,car,0.805955,0.782343,0.0243655
220,car,0.856475,0.758713,0.801168
186,car,0.953906,0.757835,4.6935
163,person,0.887116,0.518931,10.1064
198,car,0.883439,0.649397,2.93748
171,person,0.860159,0.610431,8.30607
224,car,0.948542,0.917499,0.526668
216,car,0.767966,0.701155,1.66883
206,car,0.964958,0.855011,2.81571
223,car,0.967083,0.907511,1.33772
210,car,0.97328,0.870141,2.64598
232,car,0.920526,0.904652,0.199006
229,car,0.865823,0.816882,0.511044
200,car,0.956101,0.828587,4.10658
237,car,0.792939,0.734562,0.0669305
235,car,0.850077,0.805289,0.60264
214,car,0.972686,0.873984,3.45869
213,car,0.933139,0.808299,3.66245
226,car,0.944347,0.849867,2.6213
218,car,0.966209,0.875545,3.95027
221,car,0.9677,0.861342,3.88917
230,car,0.919642,0.785452,2.57095
222,car,0.96083,0.878311,3.96057
242,car,0.835543,0.824685,0.0184174
241,car,0.89929,0.768861,0.520646
240,car,0.901714,0.780747,0.570468
239,car,0.942745,0.879747,0.955512
238,car,0.892846,0.814312,1.0489
236,car,0.976412,0.902641,1.74219
233,car,0.965313,0.929754,2.03685
231,car,0.967178,0.893028,2.56075
228,car,0.956915,0.876584,2.96373
227,car,0.955848,0.839495,3.01827
219,car,0.96826,0.907075,4.13745
217,car,0.968991,0.882233,4.46043
211,car,0.97096,0.891183,4.86834
197,car,0.972244,0.927954,6.1165
196,car,0.960773,0.815991,6.14543
193,car,0.910773,0.780677,6.21647
234,car,0.96066,0.893361,1.90874
175,car,0.925231,0.699358,11.0439
167,car,0.958977,0.789705,11.6182
201,car,0.972365,0.871054,5.98114
243,car,0.879035,0.746513,0.571181
245,car,0.8376,0.611293,1.09939
250,car,0.523271,0.363016,1.10403
258,car,0.263643,0.230494,0.450633
246,car,0.941186,0.810521,2.59085
249,car,0.943951,0.798192,2.72125
263,car,0.425357,0.362564,0.34535
247,car,0.94315,0.795689,3.57247
253,car,0.941351,0.782923,3.32613
251,car,0.960886,0.763634,3.84733
255,car,0.937769,0.770343,3.73322
261,car,0.933794,0.786492,2.76174
257,car,0.919308,0.747884,3.88417
254,car,0.330967,0.250375,4.41957
259,car,0.945289,0.742013,4.31945
260,car,0.932857,0.793882,3.48957
262,car,0.957163,0.794976,3.08053
276,car,0.66365,0.399205,0.175058
273,car,0.881257,0.597895,0.427777
283,car,0.87759,0.729169,0.121825
265,car,0.958079,0.807551,2.57889
285,car,0.654868,0.583775,0.11211
288,car,0.757629,0.632868,0.143999
290,car,0.761746,0.633649,0.231588
280,car,0.946445,0.811266,0.95038
266,car,0.965212,0.800749,3.05061
264,car,0.937241,0.788113,3.90929
275,car,0.901047,0.70693,1.41993
293,car,0.783145,0.664848,0.186131
289,car,0.925748,0.772927,1.03781
284,car,0.964549,0.817485,1.41055
286,car,0.909296,0.781506,1.68997
269,car,0.962489,0.791532,3.64731
296,car,0.971876,0.907565,1.06716
272,car,0.971794,0.830893,2.99142
270,car,0.95236,0.819337,3.51219
268,car,0.935721,0.761433,4.32418
271,car,0.942664,0.827665,3.54538
306,car,0.805955,0.782343,0.0216497
301,car,0.856475,0.758713,0.748384
244,person,0.887116,0.518931,9.97112
267,car,0.953906,0.757835,4.84313
279,car,0.883439,0.649397,2.93875
252,person,0.860159,0.610431,8.558
305,car,0.948542,0.917499,0.535012
297,car,0.767966,0.701155,1.55146
287,car,0.964958,0.855011,2.71603
304,car,0.967083,0.907511,1.2241
291,car,0.97328,0.870141,2.62164
313,car,0.920526,0.904652,0.214635
310,car,0.865823,0.816882,0.534205
281,car,0.956101,0.828587,4.06191
318,car,0.792939,0.734562,0.0884287
316,car,0.850077,0.805289,0.572115
295,car,0.972686,0.873984,3.41765
294,car,0.933139,0.808299,3.57957
307,car,0.944347,0.849867,2.48254
299,car,0.966209,0.875545,3.82205
302,car,0.9677,0.861342,3.79014
323,car,0.835543,0.824685,0.00473866
322,car,0.89929,0.768861,0.527463
321,car,0.901714,0.780747,0.545015
320,car,0.942745,0.879747,0.907911
319,car,0.892846,0.814312,0.976202
317,car,0.976412,0.902641,1.66336
314,car,0.965313,0.929754,1.96853
312,car,0.967178,0.893028,2.54859
309,car,0.956915,0.876584,2.88225
308,car,0.955848,0.839495,2.90912
300,car,0.96826,0.907075,4.04462
298,car,0.968991,0.882233,4.27633
292,car,0.97096,0.891183,4.74701
278,car,0.972244,0.927954,6.03145
277,car,0.960773,0.815991,6.05101
274,car,0.910773,0.780677,6.10622
315,car,0.96066,0.893361,1.81912
256,car,0.925231,0.699358,11.2165
311,car,0.919642,0.785452,2.56181
248,car,0.958977,0.789705,11.7015
303,car,0.96083,0.878311,3.829
282,car,0.972365,0.871054,5.8877
324,car,0.879035,0.746513,0.540602
326,car,0.8376,0.611293,1.0386
339,car,0.263643,0.230494,0.480505
331,car,0.523271,0.363016,1.13076
327,car,0.941186,0.810521,2.48746
330,car,0.943951,0.798192,2.62528
344,car,0.425357,0.362564,0.38752
334,car,0.941351,0.782923,3.20466
328,car,0.94315,0.795689,3.44092
332,car,0.960886,0.763634,3.72162
336,car,0.937769,0.770343,3.57392
342,car,0.933794,0.786492,2.59948
338,car,0.919308,0.747884,3.70872
335,car,0.330967,0.250375,4.18299
340,car,0.945289,0.742013,4.00229
341,car,0.932857,0.793882,3.22398
343,car,0.957163,0.794976,2.80639
357,car,0.66365,0.399205,0.135784
354,car,0.881257,0.597895,0.403093
364,car,0.87759,0.729169,0.0792341
346,car,0.958079,0.807551,2.28682
366,car,0.654868,0.583775,0.145345
369,car,0.757629,0.632868,0.143638
371,car,0.761746,0.633649,0.195704
361,car,0.946445,0.811266,0.809964
347,car,0.965212,0.800749,2.7144
345,car,0.937241,0.788113,3.51446
356,car,0.901047,0.70693,1.25355
374,car,0.783145,0.664848,0.155969
370,car,0.925748,0.772927,0.901007
365,car,0.964549,0.817485,1.26205
367,car,0.909296,0.781506,1.52599
350,car,0.962489,0.791532,3.25452
353,car,0.971794,0.830893,2.72354
377,car,0.971876,0.907565,1.0018
351,car,0.95236,0.819337,3.18436
349,car,0.935721,0.761433,3.8525
352,car,0.942664,0.827665,3.2493
387,car,0.805955,0.782343,0.0235339
382,car,0.856475,0.758713,0.734936
325,person,0.887116,0.518931,9.21314
348,car,0.953906,0.757835,4.27538
360,car,0.883439,0.649397,2.6465
333,person,0.860159,0.610431,7.91873
386,car,0.948542,0.917499,0.489875
378,car,0.767966,0.701155,1.49471
368,car,0.964958,0.855011,2.49715
385,car,0.967083,0.907511,1.08653
372,car,0.97328,0.870141,2.41838
391,car,0.865823,0.816882,0.411913
394,car,0.920526,0.904652,0.169155
362,car,0.956101,0.828587,3.62831
399,car,0.792939,0.734562,0.0812597
397,car,0.850077,0.805289,0.536108
376,car,0.972686,0.873984,3.09326
375,car,0.933139,0.808299,3.20386
388,car,0.944347,0.849867,2.32001
380,car,0.966209,0.875545,3.56262
383,car,0.9677,0.861342,3.4694
392,car,0.919642,0.785452,2.39648
384,car,0.96083,0.878311,3.51845
404,car,0.835543,0.824685,0.0310994
403,car,0.89929,0.768861,0.579057
402,car,0.901714,0.780747,0.586769
401,car,0.942745,0.879747,0.973075
400,car,0.892846,0.814312,1.08263
398,car,0.976412,0.902641,1.71427
395,car,0.965313,0.929754,1.94094
393,car,0.967178,0.893028,2.43243
390,car,0.956915,0.876584,2.75052
389,car,0.955848,0.839495,2.78159
381,car,0.96826,0.907075,3.80006
379,car,0.968991,0.882233,4.05837
373,car,0.97096,0.891183,4.49848
359,car,0.972244,0.927954,5.59359
358,car,0.960773,0.815991,5.60032
355,car,0.910773,0.780677,5.67046
396,car,0.96066,0.893361,1.81613
337,car,0.925231,0.699358,10.4275
329,car,0.958977,0.789705,10.9085
363,car,0.972365,0.871054,5.45156
405,car,0.879035,0.746513,0.532103
407,car,0.8376,0.611293,0.923917
420,car,0.263643,0.230494,0.387067
412,car,0.523271,0.363016,0.960597
408,car,0.941186,0.810521,2.23853
411,car,0.943951,0.798192,2.35687
425,car,0.425357,0.362564,0.311587
409,car,0.94315,0.795689,3.12814
415,car,0.941351,0.782923,2.93873
413,car,0.960886,0.763634,3.43342
417,car,0.937769,0.770343,3.30846
423,car,0.933794,0.786492,2.49058
419,car,0.919308,0.747884,3.43981
416,car,0.330967,0.250375,3.90414
421,car,0.945289,0.742013,3.82068
422,car,0.932857,0.793882,3.11451
424,car,0.957163,0.794976,2.78293
438,car,0.66365,0.399205,0.130015
435,car,0.881257,0.597895,0.381753
445,car,0.87759,0.729169,0.083243
427,car,0.958079,0.807551,2.25606
447,car,0.654868,0.583775,0.126628
450,car,0.757629,0.632868,0.138113
452,car,0.761746,0.633649,0.227049
442,car,0.946445,0.811266,0.843905
428,car,0.965212,0.800749,2.70606
426,car,0.937241,0.788113,3.49237
437,car,0.901047,0.70693,1.26524
455,car,0.783145,0.664848,0.193924
451,car,0.925748,0.772927,0.931574
446,car,0.964549,0.817485,1.26039
448,car,0.909296,0.781506,1.49309
431,car,0.962489,0.791532,3.17769
458,car,0.971876,0.907565,0.915312
434,car,0.971794,0.830893,2.62803
432,car,0.95236,0.819337,3.07435
430,car,0.935721,0.761433,3.7708
433,car,0.942664,0.827665,3.13743
468,car,0.805955,0.782343,0.0099125
463,car,0.856475,0.758713,0.708226
406,person,0.887116,0.518931,8.81498
429,car,0.953906,0.757835,4.23465
441,car,0.883439,0.649397,2.58578
414,person,0.860159,0.610431,7.5834
467,car,0.948542,0.917499,0.515673
459,car,0.767966,0.701155,1.41897
449,car,0.964958,0.855011,2.47923
466,car,0.967083,0.907511,1.19719
453,car,0.97328,0.870141,2.39121
472,car,0.865823,0.816882,0.46992
475,car,0.920526,0.904652,0.213072
443,car,0.956101,0.828587,3.66367
480,car,0.792939,0.734562,0.127607
478,car,0.850077,0.805289,0.531315
457,car,0.972686,0.873984,3.11901
456,car,0.933139,0.808299,3.25828
469,car,0.944347,0.849867,2.32264
461,car,0.966209,0.875545,3.55155
464,car,0.9677,0.861342,3.53131
473,car,0.919642,0.785452,2.35025
465,car,0.96083,0.878311,3.57341
485,car,0.835543,0.824685,0.00412806
484,car,0.89929,0.768861,0.51504
483,car,0.901714,0.780747,0.542861
482,car,0.942745,0.879747,0.86983
481,car,0.892846,0.814312,0.959654
479,car,0.976412,0.902641,1.58584
476,car,0.965313,0.929754,1.83371
474,car,0.967178,0.893028,2.35504
471,car,0.956915,0.876584,2.6989
470,car,0.955848,0.839495,2.72449
462,car,0.96826,0.907075,3.75012
460,car,0.968991,0.882233,3.9946
454,car,0.97096,0.891183,4.40697
440,car,0.972244,0.927954,5.48965
439,car,0.960773,0.815991,5.4953
436,car,0.910773,0.780677,5.558
477,car,0.96066,0.893361,1.68656
418,car,0.925231,0.699358,10.0721
410,car,0.958977,0.789705,10.489
444,car,0.972365,0.871054,5.37745
486,car,0.879035,0.746513,0.479938
488,car,0.8376,0.611293,0.955903
501,car,0.263643,0.230494,0.394276
493,car,0.523271,0.363016,0.999014
489,car,0.941186,0.810932,2.33723
492,car,0.943951,0.798549,2.39253
506,car,0.425357,0.362564,0.242729
490,car,0.94315,0.796539,3.14944
496,car,0.941351,0.782571,2.9106
494,car,0.960886,0.764623,3.4004
498,car,0.937769,0.77061,3.2662
504,car,0.933794,0.786107,2.44259
500,car,0.919308,0.747685,3.42393
497,car,0.330967,0.250375,3.85375
503,car,0.932857,0.792541,3.02679
502,car,0.945289,0.740624,3.78925
505,car,0.957163,0.794112,2.66485
519,car,0.66365,0.399205,0.207743
516,car,0.881257,0.597895,0.406538
526,car,0.87759,0.729169,0.0207256
508,car,0.958079,0.807364,2.22525
531,car,0.757629,0.632868,0.170559
528,car,0.654868,0.583775,0.1686
533,car,0.761746,0.633649,0.173734
523,car,0.946445,0.811266,0.733408
509,car,0.965212,0.801409,2.67298
507,car,0.937241,0.788037,3.25212
536,car,0.783145,0.66516,0.183472
518,car,0.901047,0.70693,1.24396
532,car,0.925748,0.773856,0.851539
527,car,0.964549,0.815512,1.21624
529,car,0.909296,0.781506,1.39936
512,car,0.962489,0.794172,3.13074
515,car,0.971794,0.832009,2.5649
539,car,0.971876,0.907565,0.948578
514,car,0.942664,0.82913,3.00531
513,car,0.95236,0.82158,3.13828
511,car,0.935721,0.760335,3.79779
549,car,0.805955,0.782343,0.00339671
544,car,0.856475,0.758713,0.675683
487,person,0.887116,0.519009,8.61464
522,car,0.883439,0.649359,2.51145
510,car,0.953906,0.756465,4.0379
548,car,0.948542,0.917499,0.44984
495,person,0.860159,0.610092,7.4317
540,car,0.767966,0.701155,1.30676
530,car,0.964958,0.853937,2.30539
547,car,0.967083,0.908331,1.12187
534,car,0.97328,0.869521,2.18779
553,car,0.865823,0.816882,0.406615
556,car,0.920526,0.904652,0.275434
524,car,0.956101,0.828883,3.56921
561,car,0.792939,0.734562,0.0369931
559,car,0.850077,0.805975,0.431523
538,car,0.972686,0.873887,3.00152
537,car,0.933139,0.806538,3.04105
550,car,0.944347,0.850928,2.21518
542,car,0.966209,0.876104,3.45354
566,car,0.835543,0.824685,0.000767536
565,car,0.89929,0.768861,0.594045
564,car,0.901714,0.780747,0.608907
563,car,0.942745,0.882479,0.891604
562,car,0.892846,0.813076,0.919056
560,car,0.976412,0.904569,1.50785
557,car,0.965313,0.929225,1.74417
555,car,0.967178,0.89343,2.26261
552,car,0.956915,0.875788,2.67607
551,car,0.955848,0.839349,2.68317
545,car,0.9677,0.862829,3.3878
543,car,0.96826,0.907301,3.62032
541,car,0.968991,0.882018,3.87458
535,car,0.97096,0.892229,4.29565
521,car,0.969881,0.927852,5.32493
520,car,0.960773,0.814849,5.33086
517,car,0.910773,0.780068,5.34653
558,car,0.96066,0.893481,1.69208
499,car,0.925231,0.698418,9.88978
554,car,0.919642,0.785192,2.27095
491,car,0.958977,0.789729,10.3057
546,car,0.96083,0.87859,3.39826
525,car,0.972365,0.871324,5.14765
567,car,0.879035,0.742651,0.569219
569,car,0.8376,0.610797,1.00377
582,car,0.263643,0.230494,0.398759
574,car,0.523271,0.363016,0.994785
570,car,0.941186,0.809802,2.23984
573,car,0.943951,0.798847,2.26471
587,car,0.425357,0.362564,0.238389
577,car,0.941351,0.782923,2.90788
571,car,0.94315,0.795527,3.09453
575,car,0.960886,0.75956,3.32955
579,car,0.937769,0.770343,3.30133
585,car,0.933794,0.791287,2.35802
584,car,0.932857,0.79981,2.37422
581,car,0.919308,0.752084,3.42411
578,car,0.330967,0.250375,3.8601
583,car,0.945289,0.739234,3.69341
586,car,0.957163,0.793268,2.5496
600,car,0.66365,0.399205,0.0711734
597,car,0.881257,0.597895,0.331654
607,car,0.87759,0.729169,0.179944
589,car,0.958079,0.80691,2.13413
612,car,0.757629,0.632868,0.206369
609,car,0.654868,0.583775,0.200242
614,car,0.761746,0.633649,0.139089
604,car,0.946445,0.811266,0.928214
590,car,0.965212,0.800989,2.62736
588,car,0.937241,0.787097,3.30148
599,car,0.901047,0.70693,1.32712
617,car,0.783145,0.664848,0.0925873
613,car,0.925748,0.772927,0.818541
608,car,0.964549,0.817485,1.20964
610,car,0.909296,0.781506,1.58661
594,car,0.962489,0.80978,2.9366
620,car,0.971876,0.907565,0.942676
596,car,0.971794,0.830893,2.66441
593,car,0.95236,0.819337,2.98366
592,car,0.935721,0.762523,3.69573
630,car,0.805955,0.782343,0.0036522
625,car,0.856475,0.758713,0.61119
595,car,0.942664,0.827665,3.13746
591,car,0.953906,0.765862,4.11959
576,person,0.887116,0.539806,7.24583
603,car,0.883439,0.649397,2.60404
629,car,0.948542,0.917499,0.38586
621,car,0.767966,0.701155,1.38956
568,person,0.860159,0.579201,8.73624
628,car,0.967083,0.907511,1.06091
611,car,0.964958,0.855011,2.4711
615,car,0.97328,0.870141,2.34565
637,car,0.920526,0.904772,0.306341
634,car,0.865823,0.816882,0.574186
605,car,0.956101,0.828433,3.662
642,car,0.792939,0.734562,0.0283707
640,car,0.850077,0.805289,0.528173
619,car,0.972686,0.875867,3.03867
618,car,0.933139,0.808286,3.13179
631,car,0.944347,0.849861,2.23034
623,car,0.966209,0.874962,3.42875
626,car,0.9677,0.862027,3.32226
635,car,0.919642,0.787017,2.26145
627,car,0.96083,0.878412,3.33746
647,car,0.835543,0.824685,0.0140663
646,car,0.89929,0.768861,0.506242
645,car,0.901714,0.780747,0.511271
644,car,0.942745,0.879886,0.864121
643,car,0.892846,0.813363,0.905878
641,car,0.976412,0.902794,1.46887
638,car,0.965313,0.929132,1.67646
636,car,0.967178,0.892971,2.26019
633,car,0.956915,0.876976,2.60514
632,car,0.955848,0.839116,2.61676
624,car,0.96826,0.907125,3.59287
622,car,0.968991,0.882122,3.81695
616,car,0.97096,0.891024,4.08585
602,car,0.972244,0.927876,5.29123
601,car,0.960773,0.815654,5.29182
598,car,0.910773,0.780843,5.40739
639,car,0.96066,0.892737,1.49579
580,car,0.925231,0.698685,9.7402
572,car,0.958977,0.789512,10.1917
606,car,0.972365,0.871792,5.22261
648,car,0.879035,0.746513,0.437838
650,car,0.8376,0.620847,1.08708
655,car,0.523271,0.363016,1.03734
651,car,0.941186,0.809994,2.26528
654,car,0.943951,0.798793,2.40711
667,car,0.425357,0.362564,0.282801
658,car,0.941351,0.781686,2.99833
652,car,0.94315,0.795286,3.33725
660,car,0.937769,0.771258,3.31926
656,car,0.960886,0.764057,3.52524
665,car,0.933794,0.786104,2.41202
662,car,0.919308,0.747205,3.48734
659,car,0.330967,0.2514,4.00454
17,car,0.710464,0.513636,0.078891
19,car,0.942339,0.865238,0.167915
18,car,0.524396,0.335746,0.368736
14,car,0.911018,0.622066,1.2568
4,car,0.812913,0.449539,1.72013
20,car,0.873827,0.427336,1.1426
10,car,0.833257,0.412926,1.92069
15,car,0.904602,0.724786,1.76073
18,car,0.277291,0.245788,0.0767597
7,car,0.937506,0.573481,2.3349
11,car,0.776694,0.388555,2.41496
19,car,0.868767,0.770763,0.445469
22,car,0.282137,0.236866,1.43329
23,car,0.47819,0.385554,0.164865
21,car,0.914257,0.520933,2.13918
14,car,0.757905,0.557596,0.628832
15,car,0.277592,0.277592,0
6,car,0.900912,0.652052,3.57553
13,car,0.942664,0.572805,3.7471
5,car,0.90551,0.538754,3.78028
9,car,0.909172,0.760332,4.2206
5,car,0.706738,0.522607,0.155528
27,car,0.778255,0.555304,0.368092
6,car,0.45611,0.45611,0
28,road_sign,0.285149,0.258523,0.0524591
13,car,0.706426,0.420977,0.335768
17,car,0.879831,0.679634,3.64116
4,car,0.851602,0.453724,2.62117
26,car,0.79046,0.410314,0.983252
11,car,0.89527,0.668313,2.44963
16,car,0.814962,0.448398,5.76967
29,car,0.920746,0.790462,0.290549
28,road_sign,0.265635,0.239587,0.134568
2,car,0.916011,0.598664,6.81353
8,car,0.91953,0.663626,7.38638
5,car,0.930655,0.681882,0.993431
16,car,0.23632,0.227727,0.0851913
11,car,0.620845,0.439778,0.162583
24,car,0.90551,0.667719,3.56557
2,car,0.560211,0.560211,0
32,car,0.316158,0.275022,0.0339337
34,car,0.644945,0.459412,0.538345
28,road_sign,0.37054,0.274015,0.903881
33,car,0.523646,0.280541,0.779574
4,car,0.911626,0.593134,1.275
3,car,0.832419,0.480306,9.18191
12,bicycle,0.340541,0.2421,9.36845
16,car,0.681201,0.474977,0.141962
35,car,0.648724,0.450751,7.83507
33,car,0.61801,0.456527,0.306048
4,car,0.635595,0.602154,0.0500455
30,car,0.879672,0.547974,11.3612
38,car,0.719958,0.552762,0.331934
31,car,0.913189,0.675085,10.7779
16,car,0.61481,0.593236,0.0465169
35,car,0.26982,0.240416,0.164191
25,car,0.899562,0.611224,14.3033
37,car,0.788209,0.491774,1.96832
39,car,0.367858,0.290857,0.646527
34,car,0.800489,0.523051,3.46493
41,car,0.441974,0.284967,2.57841
44,car,0.472565,0.364003,1.23509
43,car,0.773547,0.612661,1.56469
46,person,0.559316,0.411348,0.24766
43,car,0.260154,0.260154,0
48,road_sign,0.217452,0.212273,1.11619
47,person,0.81607,0.512309,1.38628
51,car,0.751504,0.505322,0.775362
43,car,0.352269,0.266729,0.11768
48,road_sign,0.249376,0.249376,0
45,car,0.753185,0.35448,3.23542
52,car,0.790957,0.574772,1.56783
58,person,0.550047,0.375045,0.420206
49,person,0.761722,0.403448,3.28172
36,car,0.440491,0.258278,10.7149
63,person,0.249464,0.233673,0.032311
47,person,0.556593,0.353346,1.10141
60,car,0.690596,0.430622,1.52693
45,car,0.25871,0.25871,0
64,car,0.640802,0.430501,1.0838
36,car,0.540865,0.319221,0.211097
65,bicycle,0.316123,0.251163,0.400072
50,car,0.912591,0.611393,4.9194
62,person,0.669103,0.371051,2.53712
53,car,0.749534,0.380818,4.26349
64,car,0.271601,0.255323,0.0827477
60,car,0.59541,0.404809,0.216952
67,car,0.715388,0.537294,0.354187
52,car,0.928887,0.629055,1.75057
36,car,0.229603,0.229603,0
61,car,0.91114,0.580291,3.56391
45,car,0.389435,0.343442,0.485721
69,person,0.254456,0.254456,0
12,bicycle,0.390287,0.293725,14.882
68,car,0.6116,0.381145,1.31731
67,car,0.616233,0.385055,0.0553124
50,car,0.4283,0.275059,1.231
56,car,0.92471,0.656315,6.11008
71,car,0.277291,0.253387,0.699609
52,car,0.484197,0.355095,0.61787
66,car,0.835543,0.526447,3.03517
75,person,0.318791,0.318791,0
36,car,0.46358,0.385185,0.400111
74,bicycle,0.38836,0.297798,0.327817
73,person,0.639662,0.411782,0.626223
72,car,0.861573,0.590774,1.27063
12,bicycle,0.331202,0.26905,1.27228
66,car,0.410725,0.337915,0.0480423
78,car,0.426828,0.382291,0.0603049
52,car,0.714162,0.43472,0.246469
36,car,0.781609,0.45191,0.282408
79,car,0.267752,0.239019,0.201838
50,car,0.340354,0.274615,1.24226
76,car,0.919753,0.728224,2.46593
61,car,0.522146,0.274031,3.33074
36,car,0.280921,0.280921,0
55,car,0.801926,0.508856,10.1745
53,car,0.437158,0.314756,4.72619
55,car,0.460216,0.380807,0.279221
56,car,0.610528,0.49839,4.41976
54,car,0.708605,0.35372,11.9725
39,car,0.646665,0.40178,17.2303
40,car,0.947579,0.752128,17.7054
81,person,0.484276,0.392022,0.11946
82,bicycle,0.345412,0.30827,0.368941
41,car,0.899018,0.561985,14.2646
70,car,0.908174,0.557906,7.66867
40,car,0.35124,0.35124,0
55,car,0.291984,0.259887,0.73716
42,car,0.747553,0.371245,18.7385
85,bicycle,0.584857,0.47477,0.330452
54,car,0.337995,0.266882,1.07119
83,person,0.548954,0.374537,0.527074
57,car,0.905253,0.497974,14.0475
84,car,0.780323,0.427079,0.606591
79,car,0.898333,0.607169,4.48601
70,car,0.745847,0.745847,0
40,car,0.537129,0.449705,0.0249403
53,car,0.860312,0.540541,3.56595
57,car,0.603713,0.425426,0.0789385
86,car,0.89385,0.629691,2.44836
80,bicycle,0.36615,0.304689,4.64131
0,person,0.595918,0.321409,43.2807
53,car,0.55984,0.369724,0.294698
57,car,0.484572,0.353145,0.0308802
90,car,0.302666,0.287431,0.133392
77,car,0.832839,0.347801,12.0597
92,bicycle,0.435437,0.354281,0.360642
1,car,0.885588,0.483226,48.0508
89,car,0.916588,0.664224,4.06426
77,car,0.274587,0.237028,2.01181
95,car,0.777735,0.545813,1.29946
1,car,0.321382,0.321382,0
91,car,0.759831,0.403152,5.5498
95,car,0.310657,0.290176,0.133614
1,car,0.325662,0.325662,0
96,car,0.542358,0.282442,2.25956
88,car,0.631756,0.353374,7.13562
32,car,0.850077,0.540952,35.1224
89,car,0.484948,0.333726,1.19561
90,car,0.437158,0.259397,5.78547
97,car,0.503739,0.365914,1.80513
94,car,0.929284,0.630661,4.90058
93,car,0.923441,0.762864,5.52091
59,car,0.938206,0.717868,25.1717
101,car,0.234696,0.220127,0.501803
89,car,0.246506,0.246506,0
101,car,0.206788,0.206788,0
87,car,0.596858,0.363781,13.4284
104,car,0.563173,0.379826,0.124321
32,car,0.635943,0.420642,2.09818
32,car,0.344078,0.28226,0.162884
100,car,0.939837,0.727422,4.96974
106,car,0.88204,0.653589,1.60497
110,car,0.905253,0.742106,1.52017
116,car,0.671324,0.529652,0.944667
120,car,0.550929,0.488511,0.0400043
122,car,0.704238,0.445104,0.253022
117,car,0.730445,0.536431,1.69665
102,car,0.863357,0.511027,10.044
122,car,0.47819,0.346428,0.332676
125,car,0.703925,0.501847,0.792196
123,car,0.751785,0.431278,1.40612
117,car,0.393016,0.393016,0
118,car,0.903168,0.671807,3.60929
122,car,0.380889,0.380889,0
129,car,0.622967,0.398343,1.14408
126,car,0.766893,0.495407,2.13233
102,car,0.407453,0.26419,1.06073
128,car,0.663314,0.397933,1.63757
127,car,0.826893,0.559248,2.21518
124,car,0.878073,0.674361,3.43238
131,car,0.498101,0.382097,1.05022
130,car,0.883748,0.615782,2.12389
133,car,0.667665,0.455782,1.47634
122,car,0.804067,0.495157,1.3134
94,car,0.919196,0.483356,15.5799
134,car,0.336651,0.266717,1.85564
96,car,0.942907,0.561768,16.6468
127,car,0.760926,0.663482,0.248992
132,car,0.888749,0.686492,2.37767
87,car,0.589601,0.422071,13.335
113,car,0.863712,0.582642,9.50628
118,car,0.843843,0.418892,1.88082
124,car,0.778514,0.52558,0.952064
138,car,0.766354,0.62141,0.876757
143,road_sign,0.273169,0.229663,0.0685816
112,car,0.568713,0.409624,10.3874
122,car,0.741836,0.64814,0.0963562
129,car,0.821668,0.536681,2.27274
133,car,0.813598,0.503874,0.578858
87,car,0.426092,0.31338,0.0825363
135,car,0.879672,0.699087,2.24796
141,car,0.86477,0.60791,1.42131
139,car,0.903299,0.633151,2.27447
144,car,0.78871,0.495552,1.43473
137,car,0.891252,0.644242,3.19519
136,car,0.867734,0.579844,3.35321
132,car,0.507874,0.359568,0.79228
122,car,0.461711,0.461711,0
124,car,0.747837,0.39759,1.19603
145,car,0.51614,0.361536,1.38895
147,car,0.59396,0.334981,1.20036
118,car,0.40709,0.319895,1.46672
150,car,0.77037,0.490347,0.684708
146,car,0.907167,0.710933,2.22246
152,car,0.447916,0.447916,0
93,car,0.76957,0.478752,19.9404
153,car,0.717221,0.56148,0.372928
142,car,0.549813,0.418865,4.08652
136,car,0.530767,0.530767,0
151,car,0.808762,0.605358,2.23296
157,car,0.531516,0.397726,0.739492
150,car,0.265986,0.265986,0
148,car,0.857947,0.637947,3.32151
155,car,0.776955,0.520318,1.42902
102,car,0.672981,0.417453,6.80565
93,car,0.247625,0.227207,0.0469809
153,car,0.398049,0.335272,0.134876
154,car,0.908924,0.66582,2.37979
159,car,0.85886,0.472179,0.609936
157,car,0.322696,0.322696,0
161,car,0.836574,0.49638,0.151106
151,car,0.271601,0.238231,0.0961503
152,car,0.629304,0.432885,1.11942
140,car,0.529269,0.331436,6.60019
148,car,0.495845,0.495845,0
156,car,0.942175,0.654985,3.01316
158,car,0.959272,0.751595,2.82985
156,car,0.643911,0.368281,0.295424
148,car,0.322696,0.322696,0
163,car,0.602993,0.497566,0.167067
164,person,0.276176,0.242057,0.254491
111,car,0.872995,0.490756,18.9127
160,car,0.879513,0.634163,2.95932
145,car,0.449776,0.279808,5.6174
162,car,0.607663,0.398371,2.16632
166,car,0.585957,0.381227,0.413509
105,car,0.739526,0.463063,24.4397
163,car,0.740104,0.553177,0.621409
162,car,0.415099,0.415099,0
165,car,0.861393,0.586302,2.55113
164,person,0.282396,0.24537,0.832311
145,car,0.323354,0.251484,0.9425
166,car,0.530393,0.530393,0
109,car,0.942583,0.796439,23.6053
170,car,0.696348,0.512755,1.03632
100,car,0.886196,0.59528,23.288
99,car,0.869963,0.504537,31.0397
163,car,0.217851,0.217851,0
171,car,0.817443,0.475699,1.44061
172,car,0.584863,0.382925,1.0282
145,car,0.203112,0.203112,0
166,car,0.824296,0.44615,0.460773
174,car,0.573501,0.319578,1.08326
59,car,0.903561,0.676852,28.4651
170,car,0.729853,0.516534,0.209323
175,car,0.676282,0.469961,1.27083
168,car,0.91739,0.655252,3.85491
179,car,0.318112,0.290149,0.0414657
102,car,0.877751,0.5065,6.4064
177,car,0.785688,0.550389,1.2462
178,car,0.670992,0.45793,0.860088
172,car,0.466198,0.361951,0.355503
166,car,0.46059,0.354528,0.0885926
1,car,0.8376,0.611293,0.933967
6,car,0.523271,0.363016,0.972229
14,car,0.263643,0.230494,0.379435
2,car,0.941186,0.810521,2.19643
5,car,0.943951,0.798192,2.28503
19,car,0.425357,0.362564,0.306734
3,car,0.94315,0.795689,3.02675
9,car,0.941351,0.782923,2.81438
7,car,0.960886,0.763634,3.29643
11,car,0.937769,0.770343,3.15706
17,car,0.933794,0.786492,2.29403
13,car,0.919308,0.747884,3.24609
10,car,0.330967,0.250375,3.7382
15,car,0.945289,0.742013,3.56581
16,car,0.932857,0.793882,2.85239
18,car,0.957163,0.794976,2.58026
32,car,0.66365,0.399205,0.108128
29,car,0.881257,0.597895,0.356653
21,car,0.958079,0.807551,2.10835
39,car,0.87759,0.729169,0.0968561
41,car,0.654868,0.583775,0.1134
44,car,0.757629,0.632868,0.13922
46,car,0.761746,0.633649,0.174602
36,car,0.946445,0.811266,0.763356
22,car,0.965212,0.800749,2.5056
20,car,0.937241,0.788113,3.23796
31,car,0.901047,0.70693,1.16044
49,car,0.783145,0.664848,0.130434
45,car,0.925748,0.772927,0.856978
40,car,0.964549,0.817485,1.14937
42,car,0.909296,0.781506,1.3838
25,car,0.962489,0.791532,2.98656
28,car,0.971794,0.830893,2.43703
52,car,0.971876,0.907565,0.883984
26,car,0.95236,0.819337,2.87609
24,car,0.935721,0.761433,3.50939
27,car,0.942664,0.827665,2.89971
62,car,0.805955,0.782343,0.0177275
57,car,0.856475,0.758713,0.655672
0,person,0.887116,0.528879,7.55363
23,car,0.953906,0.757835,3.94718
35,car,0.883439,0.649397,2.40136
8,person,0.860159,0.610431,7.12127
61,car,0.948542,0.917499,0.459565
53,car,0.767966,0.701155,1.34962
43,car,0.964958,0.855011,2.30848
60,car,0.967083,0.907511,1.06204
47,car,0.97328,0.870141,2.23907
66,car,0.865823,0.816882,0.432107
69,car,0.920526,0.904652,0.167814
37,car,0.956101,0.828587,3.37785
74,car,0.792939,0.734562,0.0635402
72,car,0.850077,0.805289,0.54131
51,car,0.972686,0.873984,2.96523
50,car,0.933139,0.808299,3.08442
63,car,0.944347,0.849867,2.23023
55,car,0.966209,0.875545,3.38995
58,car,0.9677,0.861342,3.33377
67,car,0.919642,0.785452,2.28649
59,car,0.96083,0.878311,3.38411
79,car,0.835543,0.824685,0.0126106
78,car,0.89929,0.768861,0.493635
77,car,0.901714,0.780747,0.523046
76,car,0.942745,0.879747,0.817388
75,car,0.892846,0.814312,0.893103
73,car,0.976412,0.902641,1.56266
70,car,0.965313,0.929754,1.78592
68,car,0.967178,0.893028,2.26873
65,car,0.956915,0.876584,2.59821
64,car,0.955848,0.839495,2.63185
56,car,0.96826,0.907075,3.58145
54,car,0.968991,0.882233,3.78234
48,car,0.97096,0.891183,4.18387
71,car,0.96066,0.893361,1.64479
12,car,0.925231,0.699358,9.51392
4,car,0.958977,0.789705,9.9367
33,car,0.960773,0.815991,5.18211
30,car,0.910773,0.780677,5.25062
34,car,0.972244,0.927954,5.17634
38,car,0.972365,0.871054,5.14545
80,car,0.879035,0.746513,0.493321
82,car,0.8376,0.611293,1.01765
87,car,0.523271,0.363016,0.992119
95,car,0.263643,0.230494,0.405488
83,car,0.941186,0.810521,2.3455
86,car,0.943951,0.798192,2.45549
100,car,0.425357,0.362564,0.310499
84,car,0.94315,0.795689,3.20858
90,car,0.941351,0.782923,2.95437
88,car,0.960886,0.763634,3.46368
92,car,0.937769,0.770343,3.32362
98,car,0.933794,0.786492,2.42685
94,car,0.919308,0.747884,3.47526
91,car,0.330967,0.250375,3.92967
96,car,0.945289,0.742013,3.79998
97,car,0.932857,0.793882,3.00619
99,car,0.957163,0.794976,2.65101
113,car,0.66365,0.399205,0.113625
110,car,0.881257,0.597895,0.382277
120,car,0.87759,0.729169,0.0708161
102,car,0.958079,0.807551,2.17464
122,car,0.654868,0.583775,0.117261
125,car,0.757629,0.632868,0.134151
127,car,0.761746,0.633649,0.198
117,car,0.946445,0.811266,0.768296
103,car,0.965212,0.800749,2.59296
101,car,0.937241,0.788113,3.31908
112,car,0.901047,0.70693,1.15715
130,car,0.783145,0.664848,0.184675
126,car,0.925748,0.772927,0.866705
121,car,0.964549,0.817485,1.20198
123,car,0.909296,0.781506,1.42192
106,car,0.962489,0.791532,3.02811
109,car,0.971794,0.830893,2.52223
133,car,0.971876,0.907565,0.939941
107,car,0.95236,0.819337,2.90255
105,car,0.935721,0.761433,3.6434
108,car,0.942664,0.827665,2.95553
143,car,0.805955,0.782343,0.0193966
138,car,0.856475,0.758713,0.714873
81,person,0.887116,0.518931,8.62153
104,car,0.953906,0.757835,4.04146
116,car,0.883439,0.649397,2.48232
89,person,0.860159,0.610431,7.43881
142,car,0.948542,0.917499,0.452727
134,car,0.767966,0.701155,1.42741
124,car,0.964958,0.855011,2.38715
141,car,0.967083,0.907511,1.12775
128,car,0.97328,0.870141,2.30238
147,car,0.865823,0.816882,0.433639
150,car,0.920526,0.904652,0.187287
118,car,0.956101,0.828587,3.43507
155,car,0.792939,0.734562,0.0926604
153,car,0.850077,0.805289,0.53191
132,car,0.972686,0.873984,2.95976
131,car,0.933139,0.808299,3.15651
144,car,0.944347,0.849867,2.20235
136,car,0.966209,0.875545,3.39446
139,car,0.9677,0.861342,3.39226
148,car,0.919642,0.785452,2.25677
140,car,0.96083,0.878311,3.42654
160,car,0.835543,0.824685,0.0148344
159,car,0.89929,0.768861,0.492166
158,car,0.901714,0.780747,0.50049
157,car,0.942745,0.879747,0.84222
156,car,0.892846,0.814312,0.910411
154,car,0.976412,0.902641,1.5227
151,car,0.965313,0.929754,1.77668
149,car,0.967178,0.893028,2.24782
146,car,0.956915,0.876584,2.57071
145,car,0.955848,0.839495,2.6058
137,car,0.96826,0.907075,3.60298
135,car,0.968991,0.882233,3.83573
129,car,0.97096,0.891183,4.22661
115,car,0.972244,0.927954,5.22738
114,car,0.960773,0.815991,5.23581
111,car,0.910773,0.780677,5.29358
152,car,0.96066,0.893361,1.65355
93,car,0.925231,0.699358,9.7817
85,car,0.958977,0.789705,10.2345
119,car,0.972365,0.871054,5.16099
161,car,0.879035,0.746513,0.485772
163,car,0.8376,0.611293,0.913225
176,car,0.263643,0.230494,0.387848
168,car,0.523271,0.363016,0.954233
164,car,0.941186,0.810521,2.23565
167,car,0.943951,0.798192,2.33462
181,car,0.425357,0.362564,0.314223
165,car,0.94315,0.795689,3.092
171,car,0.941351,0.782923,2.88505
173,car,0.937769,0.770343,3.19815
169,car,0.960886,0.763634,3.31354
179,car,0.933794,0.786492,2.35714
175,car,0.919308,0.747884,3.32719
172,car,0.330967,0.250375,3.78305
178,car,0.932857,0.793882,3.01672
177,car,0.945289,0.742013,3.72956
180,car,0.957163,0.794976,2.67088
194,car,0.66365,0.399205,0.149037
191,car,0.881257,0.597895,0.387558
201,car,0.87759,0.729169,0.0815652
183,car,0.958079,0.807551,2.2335
203,car,0.654868,0.583775,0.116292
206,car,0.757629,0.632868,0.129932
208,car,0.761746,0.633649,0.186172
198,car,0.946445,0.811266,0.797261
184,car,0.965212,0.800749,2.60737
182,car,0.937241,0.788113,3.3902
193,car,0.901047,0.70693,1.24249
211,car,0.783145,0.664848,0.162565
207,car,0.925748,0.772927,0.828383
202,car,0.964549,0.817485,1.16849
204,car,0.909296,0.781506,1.42627
187,car,0.962489,0.791532,3.13336
190,car,0.971794,0.830893,2.59781
214,car,0.971876,0.907565,0.970163
188,car,0.95236,0.819337,3.03125
186,car,0.935721,0.761433,3.74933
189,car,0.942664,0.827665,3.08155
224,car,0.805955,0.782343,0.0130457
219,car,0.856475,0.758713,0.668418
185,car,0.953906,0.757835,4.10882
162,person,0.887116,0.518931,8.52146
197,car,0.883439,0.649397,2.5165
223,car,0.948542,0.917499,0.475671
170,person,0.860159,0.610431,7.38907
215,car,0.767966,0.701155,1.42894
205,car,0.964958,0.855011,2.34528
222,car,0.967083,0.907511,1.12909
209,car,0.97328,0.870141,2.32508
228,car,0.865823,0.816882,0.425637
231,car,0.920526,0.904652,0.182351
199,car,0.956101,0.828587,3.47281
236,car,0.792939,0.734562,0.0807946
234,car,0.850077,0.805289,0.50456
213,car,0.972686,0.873984,2.95819
212,car,0.933139,0.808299,3.07818
225,car,0.944347,0.849867,2.18216
217,car,0.966209,0.875545,3.38073
220,car,0.9677,0.861342,3.34343
229,car,0.919642,0.785452,2.25868
221,car,0.96083,0.878311,3.40713
241,car,0.835543,0.824685,0.0233729
240,car,0.89929,0.768861,0.502322
239,car,0.901714,0.780747,0.520813
238,car,0.942745,0.879747,0.850081
237,car,0.892846,0.814312,0.922992
235,car,0.976412,0.902641,1.51703
232,car,0.965313,0.929754,1.75771
230,car,0.967178,0.893028,2.21764
227,car,0.956915,0.876584,2.56314
226,car,0.955848,0.839495,2.59132
218,car,0.96826,0.907075,3.60363
216,car,0.968991,0.882233,3.82025
210,car,0.97096,0.891183,4.21621
196,car,0.972244,0.927954,5.26416
195,car,0.960773,0.815991,5.27952
192,car,0.910773,0.780677,5.34502
233,car,0.96066,0.893361,1.63753
174,car,0.925231,0.699358,9.76049
166,car,0.958977,0.789705,10.1552
200,car,0.972365,0.871054,5.14357
242,car,0.879035,0.746513,0.428839
244,car,0.8376,0.611293,0.897203
249,car,0.523271,0.363016,0.959118
257,car,0.263643,0.230494,0.414027
245,car,0.941186,0.810521,2.21846
248,car,0.943951,0.798192,2.25033
262,car,0.425357,0.362564,0.327238
246,car,0.94315,0.795689,3.03004
252,car,0.941351,0.782923,2.8433
250,car,0.960886,0.763634,3.26817
254,car,0.937769,0.770343,3.17947
260,car,0.933794,0.786492,2.30122
256,car,0.919308,0.747884,3.29321
253,car,0.330967,0.250375,3.74081
259,car,0.932857,0.793882,2.886
258,car,0.945289,0.742013,3.63677
261,car,0.957163,0.794976,2.55721
275,car,0.66365,0.399205,0.139416
272,car,0.881257,0.597895,0.366283
282,car,0.87759,0.729169,0.0830972
264,car,0.958079,0.807551,2.1173
284,car,0.654868,0.583775,0.12945
287,car,0.757629,0.632868,0.133092
289,car,0.761746,0.633649,0.215201
279,car,0.946445,0.811266,0.797809
265,car,0.965212,0.800749,2.55541
263,car,0.937241,0.788113,3.31481
274,car,0.901047,0.70693,1.20274
292,car,0.783145,0.664848,0.176328
288,car,0.925748,0.772927,0.95129
283,car,0.964549,0.817485,1.30937
285,car,0.909296,0.781506,1.53751
268,car,0.962489,0.791532,3.16185
295,car,0.971876,0.907565,0.979109
271,car,0.971794,0.830893,2.65884
269,car,0.95236,0.819337,3.06572
267,car,0.935721,0.761433,3.71381
270,car,0.942664,0.827665,3.10448
305,car,0.805955,0.782343,0.0266835
300,car,0.856475,0.758713,0.793501
243,person,0.887116,0.518931,8.5981
266,car,0.953906,0.757835,4.22534
278,car,0.883439,0.649397,2.70235
304,car,0.948542,0.917499,0.575762
251,person,0.860159,0.610431,7.47934
296,car,0.767966,0.701155,1.57102
286,car,0.964958,0.855011,2.62526
303,car,0.967083,0.907511,1.28835
290,car,0.97328,0.870141,2.55362
312,car,0.920526,0.904652,0.165452
309,car,0.865823,0.816882,0.429552
280,car,0.956101,0.828587,3.72736
317,car,0.792939,0.734562,0.0871351
315,car,0.850077,0.805289,0.523559
294,car,0.972686,0.873984,3.20159
293,car,0.933139,0.808299,3.37275
306,car,0.944347,0.849867,2.30959
298,car,0.966209,0.875545,3.63531
301,car,0.9677,0.861342,3.58351
310,car,0.919642,0.785452,2.31276
302,car,0.96083,0.878311,3.61678
322,car,0.835543,0.824685,0.0236867
321,car,0.89929,0.768861,0.530496
320,car,0.901714,0.780747,0.560636
319,car,0.942745,0.879747,0.914502
318,car,0.892846,0.814312,1.00577
316,car,0.976412,0.902641,1.63587
313,car,0.965313,0.929754,1.85828
311,car,0.967178,0.893028,2.31596
308,car,0.956915,0.876584,2.69788
307,car,0.955848,0.839495,2.72443
299,car,0.96826,0.907075,3.84017
297,car,0.968991,0.882233,4.09466
291,car,0.97096,0.891183,4.51132
277,car,0.972244,0.927954,5.59961
276,car,0.960773,0.815991,5.61605
273,car,0.910773,0.780677,5.64127
314,car,0.96066,0.893361,1.75454
255,car,0.925231,0.699358,9.97439
247,car,0.958977,0.789705,10.3562
281,car,0.972365,0.871054,5.52424
323,car,0.879035,0.746513,0.452639
325,car,0.8376,0.611293,0.909303
338,car,0.263643,0.230494,0.410754
330,car,0.523271,0.363016,0.977884
326,car,0.941186,0.810521,2.1652
329,car,0.943951,0.798192,2.26619
343,car,0.425357,0.362564,0.313637
327,car,0.94315,0.795689,2.98119
333,car,0.941351,0.782923,2.79302
331,car,0.960886,0.763634,3.25204
335,car,0.937769,0.770343,3.1396
341,car,0.933794,0.786492,2.30964
337,car,0.919308,0.747884,3.28018
334,car,0.330967,0.250375,3.72149
339,car,0.945289,0.742013,3.60769
340,car,0.932857,0.793882,2.90466
342,car,0.957163,0.794976,2.6288
356,car,0.66365,0.399205,0.132593
353,car,0.881257,0.597895,0.407995
363,car,0.87759,0.729169,0.0560865
345,car,0.958079,0.807551,2.15093
365,car,0.654868,0.583775,0.108883
368,car,0.757629,0.632868,0.162553
370,car,0.761746,0.633649,0.214871
360,car,0.946445,0.811266,0.820268
346,car,0.965212,0.800749,2.60097
344,car,0.937241,0.788113,3.34829
355,car,0.901047,0.70693,1.26652
373,car,0.783145,0.664848,0.162231
369,car,0.925748,0.772927,0.935504
364,car,0.964549,0.817485,1.25047
366,car,0.909296,0.781506,1.47036
349,car,0.962489,0.791532,3.14741
376,car,0.971876,0.907565,0.912038
352,car,0.971794,0.830893,2.59263
350,car,0.95236,0.819337,2.99983
348,car,0.935721,0.761433,3.68323
351,car,0.942664,0.827665,3.03529
386,car,0.805955,0.782343,0.0156976
381,car,0.856475,0.758713,0.70787
324,person,0.887116,0.518931,8.46866
347,car,0.953906,0.757835,4.14318
359,car,0.883439,0.649397,2.62515
332,person,0.860159,0.610431,7.34237
385,car,0.948542,0.917499,0.523402
377,car,0.767966,0.701155,1.46488
367,car,0.964958,0.855011,2.48709
384,car,0.967083,0.907511,1.18323
371,car,0.97328,0.870141,2.36309
390,car,0.865823,0.816882,0.467866
393,car,0.920526,0.904652,0.200038
361,car,0.956101,0.828587,3.59775
398,car,0.792939,0.734562,0.087342
396,car,0.850077,0.805289,0.510853
375,car,0.972686,0.873984,3.08484
374,car,0.933139,0.808299,3.20611
387,car,0.944347,0.849867,2.27467
379,car,0.966209,0.875545,3.5346
382,car,0.9677,0.861342,3.58623
403,car,0.835543,0.824685,0.0119541
402,car,0.89929,0.768861,0.548525
401,car,0.901714,0.780747,0.584781
400,car,0.942745,0.879747,0.946849
399,car,0.892846,0.814312,1.03975
397,car,0.976412,0.902641,1.63174
394,car,0.965313,0.929754,1.84858
392,car,0.967178,0.893028,2.40442
389,car,0.956915,0.876584,2.73207
388,car,0.955848,0.839495,2.76245
380,car,0.96826,0.907075,3.77903
378,car,0.968991,0.882233,4.02281
372,car,0.97096,0.891183,4.45057
358,car,0.972244,0.927954,5.52834
357,car,0.960773,0.815991,5.536
354,car,0.910773,0.780677,5.59985
395,car,0.96066,0.893361,1.7067
336,car,0.925231,0.699358,9.88774
391,car,0.919642,0.785452,2.42504
328,car,0.958977,0.789705,10.2843
383,car,0.96083,0.878311,3.63133
362,car,0.972365,0.871054,5.41451
404,car,0.879035,0.746513,0.47948
406,car,0.8376,0.611293,1.03211
419,car,0.263643,0.230494,0.444696
411,car,0.523271,0.363016,1.03554
407,car,0.941186,0.810521,2.45134
410,car,0.943951,0.798192,2.57826
424,car,0.425357,0.362564,0.337815
408,car,0.94315,0.795689,3.43789
414,car,0.941351,0.782923,3.23597
416,car,0.937769,0.770343,3.6247
412,car,0.960886,0.763634,3.74856
422,car,0.933794,0.786492,2.70671
418,car,0.919308,0.747884,3.79796
415,car,0.330967,0.250375,4.29771
420,car,0.945289,0.742013,4.23384
421,car,0.932857,0.793882,3.42369
423,car,0.957163,0.794976,3.16246
437,car,0.66365,0.399205,0.15109
434,car,0.881257,0.597895,0.377867
444,car,0.87759,0.729169,0.111285
426,car,0.958079,0.807551,2.58362
446,car,0.654868,0.583775,0.13928
449,car,0.757629,0.632868,0.186961
451,car,0.761746,0.633649,0.262512
441,car,0.946445,0.811266,0.964098
427,car,0.965212,0.800749,3.10876
425,car,0.937241,0.788113,3.99491
436,car,0.901047,0.70693,1.48571
454,car,0.783145,0.664848,0.18249
450,car,0.925748,0.772927,1.09701
445,car,0.964549,0.817485,1.42923
447,car,0.909296,0.781506,1.69752
430,car,0.962489,0.791532,3.61813
457,car,0.971876,0.907565,0.926819
433,car,0.971794,0.830893,2.93141
431,car,0.95236,0.819337,3.47905
429,car,0.935721,0.761433,4.28355
432,car,0.942664,0.827665,3.53771
467,car,0.805955,0.782343,0.0357568
462,car,0.856475,0.758713,0.730328
405,person,0.887116,0.518931,9.6659
428,car,0.953906,0.757835,4.74517
440,car,0.883439,0.649397,2.83066
466,car,0.948542,0.917499,0.587358
413,person,0.860159,0.610431,8.46295
458,car,0.767966,0.701155,1.56192
448,car,0.964958,0.855011,2.79656
465,car,0.967083,0.907511,1.31668
452,car,0.97328,0.870141,2.65452
471,car,0.865823,0.816882,0.462374
474,car,0.920526,0.904652,0.168777
442,car,0.956101,0.828587,4.05549
479,car,0.792939,0.734562,0.0452082
477,car,0.850077,0.805289,0.553804
456,car,0.972686,0.873984,3.36745
455,car,0.933139,0.808299,3.50465
468,car,0.944347,0.849867,2.57189
460,car,0.966209,0.875545,3.87275
463,car,0.9677,0.861342,3.82889
472,car,0.919642,0.785452,2.52528
464,car,0.96083,0.878311,3.86527
484,car,0.835543,0.824685,0.0146942
483,car,0.89929,0.768861,0.556502
482,car,0.901714,0.780747,0.578112
481,car,0.942745,0.879747,0.932737
480,car,0.892846,0.814312,1.03146
478,car,0.976412,0.902641,1.72037
475,car,0.965313,0.929754,1.99639
473,car,0.967178,0.893028,2.53272
470,car,0.956915,0.876584,2.92571
469,car,0.955848,0.839495,2.96858
461,car,0.96826,0.907075,4.07251
459,car,0.968991,0.882233,4.29734
453,car,0.97096,0.891183,4.76435
439,car,0.972244,0.927954,6.04523
438,car,0.960773,0.815991,6.06861
435,car,0.910773,0.780677,6.10993
476,car,0.96066,0.893361,1.85441
417,car,0.925231,0.699358,11.1659
409,car,0.958977,0.789705,11.6302
443,car,0.972365,0.871054,5.91827
485,car,0.879035,0.746513,0.496797
487,car,0.8376,0.611293,0.959466
492,car,0.523271,0.363016,0.972336
500,car,0.263643,0.230494,0.400086
488,car,0.941186,0.810521,2.37515
491,car,0.943951,0.798192,2.48145
505,car,0.425357,0.362564,0.311148
489,car,0.94315,0.795689,3.27543
495,car,0.941351,0.782923,3.05369
493,car,0.960886,0.763634,3.49108
497,car,0.937769,0.770343,3.39674
503,car,0.933794,0.786492,2.46588
499,car,0.919308,0.747884,3.45814
496,car,0.330967,0.250375,3.93776
501,car,0.945289,0.742013,3.82179
502,car,0.932857,0.793882,3.08449
504,car,0.957163,0.794976,2.65685
518,car,0.66365,0.399205,0.129842
515,car,0.881257,0.597895,0.34937
525,car,0.87759,0.729169,0.0853896
507,car,0.958079,0.807551,2.1548
527,car,0.654868,0.583775,0.119532
530,car,0.757629,0.632868,0.136646
532,car,0.761746,0.633649,0.195924
522,car,0.946445,0.811266,0.819492
508,car,0.965212,0.800749,2.60819
506,car,0.937241,0.788113,3.31026
517,car,0.901047,0.70693,1.20112
535,car,0.783145,0.664848,0.17618
531,car,0.925748,0.772927,0.88228
526,car,0.964549,0.817485,1.21484
528,car,0.909296,0.781506,1.43384
511,car,0.962489,0.791532,3.10121
538,car,0.971876,0.907565,0.940631
514,car,0.971794,0.830893,2.56321
512,car,0.95236,0.819337,2.96532
510,car,0.935721,0.761433,3.66738
513,car,0.942664,0.827665,3.01002
548,car,0.805955,0.782343,0.0418036
543,car,0.856475,0.758713,0.725345
486,person,0.887116,0.518931,8.73728
509,car,0.953906,0.757835,4.08673
521,car,0.883439,0.649397,2.51675
547,car,0.948542,0.917499,0.460039
494,person,0.860159,0.610431,7.52113
539,car,0.767966,0.701155,1.4124
529,car,0.964958,0.855011,2.39617
546,car,0.967083,0.907511,1.13675
533,car,0.97328,0.870141,2.31456
552,car,0.865823,0.816882,0.415163
555,car,0.920526,0.904652,0.158796
523,car,0.956101,0.828587,3.48802
560,car,0.792939,0.734562,0.079065
558,car,0.850077,0.805289,0.513147
537,car,0.972686,0.873984,2.97106
536,car,0.933139,0.808299,3.10756
549,car,0.944347,0.849867,2.18171
541,car,0.966209,0.875545,3.38357
544,car,0.9677,0.861342,3.37087
553,car,0.919642,0.785452,2.26295
545,car,0.96083,0.878311,3.41389
565,car,0.835543,0.824685,0.0179218
564,car,0.89929,0.768861,0.513622
563,car,0.901714,0.780747,0.542193
562,car,0.942745,0.879747,0.850968
561,car,0.892846,0.814312,0.941804
559,car,0.976412,0.902641,1.51345
556,car,0.965313,0.929754,1.79192
554,car,0.967178,0.893028,2.26006
551,car,0.956915,0.876584,2.57056
550,car,0.955848,0.839495,2.6019
542,car,0.96826,0.907075,3.60083
540,car,0.968991,0.882233,3.83567
534,car,0.97096,0.891183,4.24809
520,car,0.972244,0.927954,5.27032
519,car,0.960773,0.815991,5.29343
516,car,0.910773,0.780677,5.33744
557,car,0.96066,0.893361,1.63598
498,car,0.925231,0.699358,9.86943
490,car,0.958977,0.789705,10.3076
524,car,0.972365,0.871054,5.1723
566,car,0.879035,0.746513,0.485199
568,car,0.8376,0.611293,0.940885
573,car,0.523271,0.363016,0.945964
581,car,0.263643,0.230494,0.398324
569,car,0.941186,0.810521,2.1863
572,car,0.943951,0.798192,2.38855
586,car,0.425357,0.362564,0.394369
576,car,0.941351,0.782923,2.99168
570,car,0.94315,0.795689,3.20997
574,car,0.960886,0.763634,3.47377
578,car,0.937769,0.770343,3.35433
584,car,0.933794,0.786492,2.59633
580,car,0.919308,0.747884,3.56688
577,car,0.330967,0.250375,4.02114
582,car,0.945289,0.742013,3.96691
583,car,0.932857,0.793882,3.29674
585,car,0.957163,0.794976,3.01271
599,car,0.66365,0.399205,0.156219
596,car,0.881257,0.597895,0.375309
606,car,0.87759,0.729169,0.0777371
588,car,0.958079,0.807551,2.43493
611,car,0.757629,0.632868,0.181421
608,car,0.654868,0.583775,0.165723
613,car,0.761746,0.633649,0.19825
603,car,0.946445,0.811266,0.935245
589,car,0.965212,0.800749,2.91197
587,car,0.937241,0.788113,3.73501
598,car,0.901047,0.70693,1.42543
616,car,0.783145,0.664848,0.239946
612,car,0.925748,0.772927,1.06399
607,car,0.964549,0.817485,1.48695
609,car,0.909296,0.781506,1.69215
592,car,0.962489,0.791532,3.55182
619,car,0.971876,0.907565,1.03374
595,car,0.971794,0.830893,2.95581
593,car,0.95236,0.819337,3.41263
594,car,0.942664,0.827665,3.52041
591,car,0.935721,0.761433,4.22461
629,car,0.805955,0.782343,0.00722051
624,car,0.856475,0.758713,0.761143
567,person,0.887116,0.518931,9.42165
628,car,0.948542,0.917499,0.499552
602,car,0.883439,0.649397,2.93025
590,car,0.953906,0.757835,4.6644
575,person,0.860159,0.610431,8.08215
620,car,0.767966,0.701155,1.68454
610,car,0.964958,0.855011,2.79432
627,car,0.967083,0.907511,1.20121
614,car,0.97328,0.870141,2.61379
636,car,0.920526,0.904652,0.233471
633,car,0.865823,0.816882,0.465027
604,car,0.956101,0.828587,4.08685
641,car,0.792939,0.734562,0.0344226
639,car,0.850077,0.805289,0.574179
618,car,0.972686,0.873984,3.4435
617,car,0.933139,0.808299,3.56725
630,car,0.944347,0.849867,2.46532
622,car,0.966209,0.875545,3.71922
625,car,0.9677,0.861342,3.73889
634,car,0.919642,0.785452,2.54283
626,car,0.96083,0.878311,3.79747
646,car,0.835543,0.824685,0.215006
645,car,0.89929,0.768861,0.701912
644,car,0.901714,0.780747,0.705528
643,car,0.942745,0.879747,1.12347
642,car,0.892846,0.814312,1.20398
640,car,0.976412,0.902641,1.79068
637,car,0.965313,0.929754,2.02747
635,car,0.967178,0.893028,2.67484
632,car,0.956915,0.876584,3.05935
631,car,0.955848,0.839495,3.09654
623,car,0.96826,0.907075,4.14841
621,car,0.968991,0.882233,4.45172
615,car,0.97096,0.891183,5.01403
605,car,0.972365,0.871054,5.90205
601,car,0.972244,0.927954,6.17971
600,car,0.960773,0.815991,6.20012
597,car,0.910773,0.780677,6.2328
638,car,0.96066,0.893361,1.97219
579,car,0.925231,0.699358,10.9561
571,car,0.958977,0.789705,11.3789
647,car,0.879035,0.746513,0.429417
649,car,0.8376,0.607715,1.07743
662,car,0.263643,0.230494,0.410162
654,car,0.523271,0.360516,0.939941
650,car,0.941186,0.80987,2.3768
653,car,0.943951,0.798652,2.38868
667,car,0.425357,0.362564,0.287107
657,car,0.941351,0.784915,2.91045
651,car,0.94315,0.797368,3.25844
655,car,0.960886,0.765272,3.40004
658,car,0.937769,0.769679,3.37291
665,car,0.933794,0.785422,2.48038
661,car,0.919308,0.747156,3.464
659,car,0.330967,0.248236,3.80955
663,car,0.945289,0.741255,3.97958
664,car,0.932857,0.792179,3.21557
680,car,0.66365,0.399205,0.268259
666,car,0.957163,0.7964,2.83391
677,car,0.881257,0.597895,0.473727
687,car,0.87759,0.729169,0.0873826
669,car,0.958079,0.808018,2.29816
692,car,0.757629,0.632868,0.0438405
689,car,0.654868,0.583775,0.0457108
694,car,0.761746,0.633649,0.34433
684,car,0.946445,0.811266,0.837315
670,car,0.965212,0.802296,2.74072
668,car,0.937241,0.788467,3.49774
697,car,0.783145,0.664848,0.0885194
679,car,0.901047,0.70693,1.40788
693,car,0.925748,0.772927,1.08025
688,car,0.964549,0.817485,1.36813
690,car,0.909296,0.781506,1.43209
700,car,0.971876,0.905988,0.880913
676,car,0.971794,0.83171,2.74936
675,car,0.942664,0.828148,3.29855
674,car,0.95236,0.819337,3.27269
673,car,0.962489,0.79141,3.44504
672,car,0.935721,0.761433,3.81962
710,car,0.805955,0.782343,0.113479
705,car,0.856475,0.758713,0.684752
671,car,0.953906,0.757297,4.34913
648,person,0.887116,0.517009,9.05502
683,car,0.883439,0.650957,2.57683
656,person,0.860159,0.609707,7.73635
709,car,0.948542,0.917499,0.389195
701,car,0.767966,0.701155,1.39399
691,car,0.964958,0.8541,2.5592
708,car,0.967083,0.907375,1.1947
714,car,0.865823,0.825252,0.0752868
695,car,0.97328,0.869712,2.30228
717,car,0.920526,0.906473,0.181784
685,car,0.956101,0.828884,3.75794
722,car,0.792939,0.734562,0.0309925
720,car,0.850077,0.805289,0.409467
699,car,0.972686,0.873009,3.09666
698,car,0.933139,0.809023,3.19691
686,car,0.972365,0.884325,4.67929
711,car,0.944347,0.849181,2.40365
703,car,0.966209,0.874729,3.74359
706,car,0.9677,0.860725,3.70894
715,car,0.919642,0.786188,2.53517
727,car,0.835543,0.824685,0.0109346
726,car,0.89929,0.768861,0.838534
725,car,0.901714,0.780747,0.87959
724,car,0.942745,0.879747,1.30621
723,car,0.892846,0.814312,1.34689
721,car,0.976412,0.902641,1.96709
718,car,0.965313,0.929754,2.20477
716,car,0.967178,0.892609,2.77156
713,car,0.956915,0.876387,3.13163
712,car,0.955848,0.840304,3.19854
704,car,0.96826,0.906781,4.03621
702,car,0.968991,0.881488,4.42647
696,car,0.97096,0.891107,4.77269
682,car,0.972244,0.927978,6.02307
681,car,0.960773,0.816107,6.0558
678,car,0.910773,0.780829,6.12295
719,car,0.96066,0.893361,2.02912
660,car,0.925231,0.7003,10.6909
652,car,0.958977,0.790297,11.0288
707,car,0.96083,0.878335,3.96239
686,car,0.669996,0.448515,0.0500649
728,car,0.879035,0.746513,0.467431
730,car,0.8376,0.606195,1.01823
735,car,0.523271,0.363016,1.12727
743,car,0.263643,0.230494,0.528891
731,car,0.941186,0.811484,2.2398
734,car,0.943951,0.798163,2.47235
749,car,0.425357,0.362564,0.407997
732,car,0.94315,0.793778,3.27684
738,car,0.941351,0.782202,2.99167
736,car,0.960886,0.763944,3.70773
740,car,0.937769,0.771678,3.46368
729,person,0.887116,0.478087,5.06188
747,car,0.933794,0.785797,2.46033
742,car,0.919308,0.744996,3.57598
739,car,0.330967,0.250375,3.96346
746,car,0.932857,0.793317,3.15749
744,car,0.945289,0.739692,4.04791
762,car,0.66365,0.399205,0.0566039
759,car,0.881257,0.597895,0.278678
748,car,0.957163,0.794889,2.9688
769,car,0.87759,0.729169,0.0930603
751,car,0.958079,0.806712,2.35627
771,car,0.654868,0.583775,0.245695
774,car,0.757629,0.632868,0.256546
776,car,0.761746,0.633649,0.0802969
752,car,0.965212,0.801177,2.70783
766,car,0.946445,0.81523,0.918033
750,car,0.937241,0.787272,3.73267
780,car,0.697301,0.697301,0
761,car,0.901047,0.711139,1.27025
779,car,0.783145,0.658732,0.0905523
775,car,0.925748,0.775281,0.886725
770,car,0.964549,0.812325,1.33932
781,car,0.933139,0.861102,0.562635
772,car,0.909296,0.78,1.59083
755,car,0.962489,0.791958,3.42596
758,car,0.971794,0.832745,2.84716
783,car,0.971876,0.907565,0.980585
756,car,0.95236,0.820208,3.3816
754,car,0.935721,0.762372,3.97012
757,car,0.942664,0.827119,3.45162
788,car,0.856475,0.754161,0.841461
765,car,0.883439,0.649397,2.84833
753,car,0.953906,0.764811,4.59064
745,person,0.779092,0.545343,6.69416
784,car,0.767966,0.701155,1.60371
737,person,0.860159,0.611259,8.05944
792,car,0.948542,0.917603,0.698041
791,car,0.967083,0.907511,1.28146
773,car,0.964958,0.855242,2.82731
777,car,0.97328,0.870423,2.74501
799,car,0.920526,0.904652,0.182383
796,car,0.865823,0.816882,0.420592
767,car,0.956101,0.828265,4.0146
804,car,0.792939,0.72475,0.0393323
802,car,0.850077,0.805289,0.534374
782,car,0.972686,0.873944,3.40639
781,car,0.900912,0.78275,2.08143
793,car,0.944347,0.849601,2.493
786,car,0.966209,0.876145,3.96477
795,car,0.956915,0.870356,2.73055
797,car,0.919642,0.785003,2.72401
789,car,0.9677,0.860916,3.99254
809,car,0.835543,0.824685,0.00929929
808,car,0.89929,0.770527,0.668815
807,car,0.901714,0.784065,0.675688
806,car,0.938206,0.878512,1.04193
805,car,0.892846,0.81416,1.07132
803,car,0.976412,0.903194,1.89926
801,car,0.96066,0.893034,1.92856
798,car,0.967178,0.893133,2.58218
794,car,0.955848,0.839223,2.99356
790,car,0.96083,0.883699,4.03092
787,car,0.96826,0.906167,4.26472
785,car,0.968991,0.881773,4.49442
778,car,0.97096,0.89119,5.02075
764,car,0.972244,0.928204,6.03963
763,car,0.960773,0.81643,6.04635
760,car,0.910773,0.779911,6.20256
800,car,0.965313,0.930472,2.10288
741,car,0.925231,0.698661,10.9226
733,car,0.958977,0.789929,11.2985
768,car,0.972365,0.870191,6.09257
810,car,0.879035,0.746513,0.499376
812,car,0.8376,0.608813,1.08628
825,car,0.263643,0.230494,0.537425
817,car,0.523271,0.363016,1.07652
813,car,0.941186,0.809299,2.39411
816,car,0.943951,0.799794,2.41899
830,car,0.425357,0.362564,0.35171
814,car,0.94315,0.796893,3.2319
820,car,0.941351,0.783062,2.96324
822,car,0.937769,0.772435,3.46495
818,car,0.960886,0.767049,3.49882
828,car,0.933794,0.785435,2.50857
824,car,0.919308,0.746685,3.48145
821,car,0.330967,0.249287,4.2117
826,car,0.945289,0.740733,3.85928
827,car,0.932857,0.794411,3.20045
843,car,0.66365,0.399205,0.228494
836,car,0.881257,0.519586,1.41853
829,car,0.957163,0.797935,2.99054
850,car,0.87759,0.729169,0.0279357
832,car,0.958079,0.808351,2.60128
855,car,0.757629,0.632868,0.0441702
852,car,0.654868,0.583775,0.0654966
857,car,0.761746,0.628536,0.224383
847,car,0.946445,0.814238,0.773735
833,car,0.965212,0.802674,2.96112
831,car,0.937241,0.78726,3.82957
851,car,0.800969,0.721117,0.848073
856,car,0.925748,0.7694,0.808732
842,car,0.964549,0.787932,1.8218
853,car,0.909296,0.777148,1.3118
838,car,0.962489,0.812029,3.2138
840,car,0.971794,0.831946,2.71439
864,car,0.971876,0.90596,1.02327
837,car,0.95236,0.821925,3.2832
835,car,0.935721,0.761535,4.07702
839,car,0.942664,0.828618,3.31095
872,car,0.805955,0.782343,0.0188597
861,car,0.856475,0.733202,1.4082
811,person,0.887116,0.518408,9.17841
834,car,0.953906,0.761472,4.56904
846,car,0.883439,0.645971,2.56671
871,car,0.948542,0.917499,0.54583
819,person,0.860159,0.610346,8.06809
865,car,0.767966,0.707058,1.58875
854,car,0.964958,0.85529,2.51328
870,car,0.967083,0.907511,1.34065
858,car,0.97328,0.870312,2.47261
876,car,0.865823,0.816882,0.552893
879,car,0.920526,0.904652,0.203933
848,car,0.956101,0.828262,3.78106
884,car,0.792939,0.72475,0.0215034
863,car,0.972686,0.874263,3.14932
882,car,0.850077,0.812252,0.473246
862,car,0.933139,0.800593,3.26198
873,car,0.944347,0.852024,2.31899
867,car,0.966209,0.876338,3.60701
877,car,0.919642,0.788478,2.38476
868,car,0.9677,0.863369,3.73869
869,car,0.96083,0.877794,3.90631
889,car,0.835543,0.824685,0.00551269
888,car,0.89929,0.772642,0.518909
887,car,0.901714,0.783624,0.524872
886,car,0.942745,0.880282,0.993718
885,car,0.892846,0.813723,1.02562
883,car,0.976412,0.903452,1.74604
881,car,0.96066,0.892811,1.77533
880,car,0.95133,0.875178,1.96109
875,car,0.956915,0.87698,2.81232
866,car,0.968991,0.882212,4.25884
860,car,0.97096,0.914131,4.62877
849,car,0.96826,0.90216,5.37796
845,car,0.972244,0.927434,5.80307
844,car,0.960773,0.81488,5.80555
841,car,0.910773,0.779871,5.82701
823,car,0.925231,0.699221,10.6867
878,car,0.967178,0.89442,2.41277
874,car,0.955848,0.839708,2.85023
815,car,0.958977,0.789548,11.027
859,car,0.972365,0.864107,4.90942
890,car,0.879035,0.749003,0.465543
892,car,0.8376,0.60999,0.902418
897,car,0.523271,0.363016,0.929571
905,car,0.263643,0.230494,0.363131
893,car,0.941186,0.811203,2.11923
896,car,0.943951,0.799505,2.17544
910,car,0.425357,0.362564,0.422688
894,car,0.94315,0.794617,3.08341
900,car,0.941351,0.782261,2.80249
898,car,0.960886,0.764785,3.3254
902,car,0.937769,0.770832,3.16957
908,car,0.933794,0.787437,2.37183
901,car,0.330967,0.250375,3.69869
907,car,0.932857,0.792526,3.01624
906,car,0.945289,0.740923,3.72864
923,car,0.66365,0.4211,0.0287362
904,car,0.919308,0.740418,4.33236
920,car,0.881257,0.597895,0.400049
931,car,0.87759,0.729169,0.0345701
912,car,0.958079,0.807065,2.19061
909,car,0.957163,0.80793,3.03045
933,car,0.654868,0.583775,0.18922
914,car,0.853494,0.519314,2.2241
937,car,0.761746,0.633649,0.195449
928,car,0.946445,0.811266,0.801824
913,car,0.965212,0.799989,2.6146
911,car,0.937241,0.788458,3.34678
922,car,0.901047,0.707506,1.07027
940,car,0.783145,0.674439,0.277583
936,car,0.925748,0.773869,0.86826
932,car,0.964549,0.815199,1.12708
934,car,0.909296,0.781506,1.45446
916,car,0.962489,0.790962,3.07111
943,car,0.971876,0.907565,0.923931
919,car,0.971794,0.831333,2.59612
918,car,0.942664,0.827365,3.06922
917,car,0.95236,0.819407,3.0844
915,car,0.930655,0.759844,3.64804
953,car,0.805955,0.805955,0
926,car,0.953906,0.808024,2.42526
891,person,0.887116,0.518629,8.42904
927,car,0.883439,0.649397,2.52578
952,car,0.948542,0.916965,0.398266
899,person,0.860159,0.610913,7.30717
944,car,0.767966,0.696499,1.43644
935,car,0.964958,0.854195,2.24894
951,car,0.967083,0.907511,1.0988
938,car,0.97328,0.871053,2.18654
957,car,0.865823,0.805621,0.246772
959,car,0.920526,0.904652,0.173045
929,car,0.956101,0.828994,3.33276
964,car,0.792939,0.734562,0.0270565
962,car,0.850077,0.803479,0.566021
942,car,0.972686,0.873838,2.8537
941,car,0.933139,0.807048,2.90153
954,car,0.944347,0.847995,2.1289
946,car,0.966209,0.874041,3.36736
969,car,0.835543,0.824685,0.00641506
968,car,0.89929,0.768861,0.526258
967,car,0.901714,0.780747,0.52764
966,car,0.942745,0.879747,0.893002
965,car,0.892846,0.814312,0.956651
963,car,0.976412,0.90267,1.543
961,car,0.96066,0.893673,1.59064
960,car,0.965313,0.929674,1.75028
956,car,0.956915,0.875589,2.51961
955,car,0.955848,0.838081,2.52951
949,car,0.9677,0.860929,3.38643
948,car,0.919642,0.780845,3.41409
947,car,0.96826,0.896744,3.55023
945,car,0.968991,0.882002,3.65813
939,car,0.97096,0.890678,4.17292
925,car,0.972244,0.927603,5.10326
924,car,0.960773,0.816781,5.10823
921,car,0.910773,0.779678,5.25274
903,car,0.925231,0.699321,9.64101
958,car,0.967178,0.894128,2.13595
895,car,0.958977,0.789677,10.0051
950,car,0.96713,0.898365,3.41964
930,car,0.972365,0.870516,5.09218
970,car,0.879035,0.746513,0.339102
977,car,0.523271,0.368838,0.977633
984,car,0.263643,0.230494,0.382263
973,car,0.941186,0.810441,2.20391
976,car,0.943951,0.797789,2.28103
989,car,0.425357,0.362564,0.371015
980,car,0.941351,0.782247,2.95764
982,car,0.937769,0.769591,3.27802
978,car,0.960886,0.763048,3.33064
986,car,0.932857,0.80229,2.32847
987,car,0.933794,0.787594,2.46661
983,car,0.919308,0.747538,3.25605
981,car,0.330967,0.250375,3.79222
985,car,0.945289,0.742873,3.55603
974,car,0.94315,0.790472,4.48079
1002,car,0.66365,0.399205,0.195865
988,car,0.957163,0.794754,2.69665
999,car,0.881257,0.597895,0.368658
1009,car,0.87759,0.729169,0.0692794
991,car,0.958079,0.806753,2.01321
1013,car,0.589237,0.556469,0.0304489
1012,car,0.757629,0.632868,0.169526
1016,car,0.761746,0.633649,0.119018
1006,car,0.946445,0.810097,0.7499
992,car,0.965212,0.799764,2.48875
990,car,0.937241,0.78754,3.27935
1001,car,0.901047,0.705643,1.28953
1019,car,0.783145,0.664848,0.188073
1015,car,0.925748,0.773177,1.03531
1010,car,0.964549,0.81519,1.16067
993,car,0.909296,0.703966,3.47108
996,car,0.962489,0.809534,2.94472
1022,car,0.971876,0.907565,0.857549
998,car,0.971794,0.829716,2.57564
995,car,0.95236,0.818962,3.00176
994,car,0.935721,0.760087,3.68967
997,car,0.942664,0.827142,3.16247
1032,car,0.805955,0.782343,0.00587845
1027,car,0.856475,0.758713,0.792556
1014,car,0.953906,0.821537,2.09168
971,person,0.887116,0.518247,8.59965
1005,car,0.883439,0.647897,2.5609
979,person,0.860159,0.610392,7.29889
1031,car,0.948542,0.917322,0.467309
1023,car,0.767966,0.699895,1.39503
1011,car,0.964958,0.854645,2.46508
1017,car,0.97328,0.870308,2.37657
1030,car,0.967083,0.906986,1.27013
1039,car,0.920526,0.904652,0.123922
1036,car,0.865823,0.816882,0.363019
1007,car,0.956101,0.827734,3.68432
1044,car,0.792939,0.734562,0.0263139
1042,car,0.850077,0.805289,0.441076
1021,car,0.972686,0.873306,3.05466
1020,car,0.933139,0.80697,3.12661
1033,car,0.944347,0.849974,2.29341
1025,car,0.966209,0.875478,3.53952
1035,car,0.956915,0.870764,2.53481
1049,car,0.835543,0.824685,0.01013
1047,car,0.901714,0.783655,0.507093
1048,car,0.89929,0.770282,0.507117
1046,car,0.942745,0.88018,0.854828
1045,car,0.892846,0.815362,1.01521
1043,car,0.976412,0.902734,1.60872
1041,car,0.96066,0.893745,1.78863
1040,car,0.965313,0.930396,1.94832
1037,car,0.919642,0.786522,2.31533
1029,car,0.96083,0.88389,3.6131
1026,car,0.96826,0.906882,3.69916
1024,car,0.968991,0.883147,4.0407
1018,car,0.97096,0.891372,4.32847
1004,car,0.972244,0.927835,5.3919
1003,car,0.960773,0.815156,5.53131
1000,car,0.910773,0.780502,5.5798
1038,car,0.967178,0.893803,2.31651
1034,car,0.955848,0.839767,2.77521
975,car,0.958977,0.790461,10.2849
972,car,0.925231,0.696603,10.3063
1008,car,0.972365,0.870757,5.34894
1050,car,0.879035,0.76194,0.396452
1028,car,0.9677,0.859937,4.27734
1052,car,0.8376,0.611293,0.918228
1065,car,0.263643,0.230494,0.425888
1057,car,0.523271,0.363016,0.994819
1053,car,0.941186,0.809327,2.23625
1056,car,0.943951,0.796687,2.38111
1070,car,0.425357,0.362564,0.385777
1060,car,0.941351,0.78288,2.86449
1054,car,0.94315,0.794018,3.1669
1062,car,0.937769,0.768005,3.21419
1058,car,0.960886,0.760976,3.34779
1068,car,0.933794,0.785952,2.32702
1064,car,0.919308,0.745408,3.38184
1061,car,0.330967,0.250375,3.79846
1067,car,0.932857,0.793539,3.03467
1066,car,0.945289,0.746028,3.84959
1083,car,0.66365,0.399205,0.182934
1069,car,0.957163,0.792739,2.67559
1080,car,0.881257,0.597895,0.478323
1090,car,0.87759,0.729169,0.165986
1072,car,0.958079,0.807806,2.27301
1092,car,0.654868,0.583775,0.205158
1095,car,0.757629,0.632868,0.217486
1097,car,0.761746,0.633649,0.186421
1087,car,0.946445,0.811266,0.829818
1073,car,0.965212,0.802296,2.58539
1071,car,0.937241,0.788317,3.43131
1082,car,0.901047,0.70693,1.39315
1100,car,0.783145,0.664848,0.255687
1104,car,0.755136,0.661497,0.245086
1096,car,0.925748,0.772927,1.05313
1091,car,0.964549,0.817485,1.48158
1093,car,0.909296,0.781506,1.81969
1103,car,0.971876,0.907565,1.03865
1079,car,0.971794,0.831922,3.02005
1077,car,0.95236,0.819337,3.46064
1076,car,0.962489,0.791291,3.66991
1075,car,0.935721,0.761433,4.14947
1078,car,0.942664,0.827949,3.47641
1108,car,0.856475,0.761622,0.86118
1074,car,0.953906,0.757198,4.57256
1051,person,0.887116,0.519614,8.97727
1106,car,0.955337,0.914171,1.16991
1086,car,0.883439,0.649397,3.0026
1059,person,0.860159,0.609635,7.91165
1104,car,0.767966,0.70882,0.293535
1111,car,0.967083,0.90626,1.09604
1094,car,0.964958,0.855756,2.80454
1110,car,0.96083,0.889699,1.15652
1098,car,0.97328,0.872481,2.68432
1119,car,0.920526,0.904652,0.138586
1116,car,0.865823,0.817323,0.505128
1088,car,0.956101,0.83211,4.05174
1124,car,0.814508,0.749196,0.176115
1102,car,0.972686,0.872734,3.31442
1122,car,0.850077,0.807249,0.552088
1101,car,0.933139,0.809185,3.62556
1113,car,0.944347,0.850079,2.35219
1112,car,0.966209,0.867602,2.90996
1129,car,0.835543,0.824685,0.00427317
1128,car,0.89929,0.768861,0.516404
1127,car,0.901714,0.780747,0.523719
1126,car,0.942745,0.879747,0.836325
1125,car,0.892846,0.814312,0.969671
1110,car,0.928887,0.861144,1.49037
1123,car,0.976412,0.902917,1.67048
1121,car,0.96066,0.894213,1.70177
1120,car,0.965313,0.929989,1.87206
1117,car,0.919642,0.78741,2.56504
1115,car,0.956915,0.877396,2.82373
1109,car,0.958381,0.858724,3.6499
1107,car,0.96826,0.906107,3.92657
1105,car,0.968991,0.881227,4.2529
1099,car,0.97096,0.890739,4.75266
1085,car,0.972244,0.927643,6.01463
1084,car,0.960773,0.817024,6.01719
1081,car,0.910773,0.780431,6.03304
1063,car,0.925231,0.70009,10.4504
1118,car,0.967178,0.892386,2.53857
1114,car,0.955848,0.84042,2.83575
1055,car,0.958977,0.789,10.8173
1089,car,0.972365,0.870918,5.80304
1130,car,0.879035,0.746513,0.572973
1132,car,0.8376,0.607908,0.875019
1145,car,0.263643,0.230494,0.421751
1137,car,0.523271,0.358997,0.973277
1133,car,0.941186,0.809233,2.33426
1136,car,0.943951,0.797225,2.3814
1150,car,0.425357,0.362564,0.248479
1134,car,0.94315,0.796447,3.08415
1140,car,0.941351,0.786013,2.82888
1138,car,0.960886,0.76338,3.36993
1141,car,0.937769,0.772639,3.2087
1148,car,0.933794,0.785918,2.4402
1144,car,0.919308,0.74805,3.38625
1142,car,0.330967,0.249517,3.7915
1146,car,0.945289,0.7403,3.75198
1147,car,0.932289,0.793424,3.03205
1149,car,0.957163,0.796223,2.64157
1163,car,0.66365,0.399205,0.16257
1160,car,0.881257,0.597895,0.382252
1170,car,0.87759,0.729169,0.0600651
1152,car,0.958079,0.807551,2.23667
1172,car,0.654868,0.583775,0.11762
1175,car,0.757629,0.632868,0.125001
1177,car,0.761746,0.633649,0.20071
1167,car,0.946445,0.811266,0.787615
1153,car,0.965212,0.800749,2.65896
1151,car,0.937241,0.788946,3.36679
1162,car,0.901047,0.70693,1.23105
1180,car,0.783145,0.664848,0.140637
1176,car,0.925748,0.772927,0.887196
1171,car,0.964549,0.817485,1.24731
1173,car,0.909296,0.781506,1.5293
1156,car,0.962489,0.791532,3.18372
1159,car,0.971794,0.830893,2.65582
1183,car,0.971876,0.907565,1.01681
1157,car,0.95236,0.819337,3.09783
1155,car,0.935721,0.761433,3.80665
1158,car,0.942664,0.827665,3.14672
1193,car,0.805955,0.782343,0.0230245
1188,car,0.856475,0.758713,0.732517
1131,person,0.887116,0.51794,8.71853
1154,car,0.953906,0.757835,4.26701
1166,car,0.883439,0.649397,2.66642
1139,person,0.860159,0.610285,7.61185
1192,car,0.948542,0.917499,0.546424
1184,car,0.767966,0.701155,1.56652
1174,car,0.964958,0.855011,2.53815
1191,car,0.967083,0.907511,1.23498
1178,car,0.97328,0.870141,2.48234
1200,car,0.920526,0.904652,0.1825
1197,car,0.865823,0.816882,0.446051
1168,car,0.956101,0.828587,3.70228
1205,car,0.792939,0.734562,0.112194
1203,car,0.850077,0.805289,0.533328
1182,car,0.972686,0.873984,3.22229
1181,car,0.933139,0.808299,3.34336
1194,car,0.944347,0.849867,2.30447
1186,car,0.966209,0.875545,3.59099
1189,car,0.9677,0.861342,3.54535
1198,car,0.919642,0.785452,2.31139
1190,car,0.96083,0.878311,3.58716
1210,car,0.835543,0.824685,0.0200064
1209,car,0.89929,0.768861,0.525916
1208,car,0.901714,0.780747,0.532585
1207,car,0.942745,0.879747,0.855481
1206,car,0.892846,0.814312,0.907488
1204,car,0.976412,0.902641,1.55944
1201,car,0.965313,0.929754,1.7975
1199,car,0.967178,0.893028,2.30159
1196,car,0.956915,0.876584,2.65838
1195,car,0.955848,0.839495,2.70251
1187,car,0.96826,0.907075,3.79033
1185,car,0.968991,0.882233,4.07297
1179,car,0.97096,0.891183,4.48215
1165,car,0.972244,0.927954,5.5343
1164,car,0.960773,0.815991,5.55681
1161,car,0.910773,0.780677,5.6053
1202,car,0.96066,0.893361,1.66214
1143,car,0.925231,0.699358,10.0244
1135,car,0.958977,0.790612,10.4738
1169,car,0.972365,0.871054,5.39629
1211,car,0.879035,0.746513,0.496405
1213,car,0.8376,0.611293,0.942063
1218,car,0.523271,0.363016,0.951261
1226,car,0.263643,0.230494,0.39733
1214,car,0.941186,0.810521,2.15726
1217,car,0.943951,0.798192,2.2601
1231,car,0.425357,0.362564,0.32033
1215,car,0.94315,0.795689,3.03478
1221,car,0.941351,0.782923,2.84163
1223,car,0.937769,0.770343,3.20518
1219,car,0.960886,0.763634,3.33037
1229,car,0.933794,0.786492,2.33951
1225,car,0.919308,0.747884,3.29314
1222,car,0.330967,0.250375,3.77021
1227,car,0.945289,0.742013,3.64201
1228,car,0.932857,0.793882,2.92542
1230,car,0.957163,0.794976,2.60667
1244,car,0.66365,0.399205,0.132371
1241,car,0.881257,0.597895,0.328549
1251,car,0.87759,0.729169,0.133819
1233,car,0.958079,0.807551,2.15986
1256,car,0.757629,0.632868,0.13014
1253,car,0.654868,0.583775,0.125581
1258,car,0.761746,0.633649,0.194077
1248,car,0.946445,0.811266,0.799524
1234,car,0.965212,0.800749,2.54894
1232,car,0.937241,0.788113,3.31433
1243,car,0.901047,0.70693,1.19894
1261,car,0.783145,0.664848,0.158604
1257,car,0.925748,0.772927,0.86351
1252,car,0.964549,0.817485,1.20445
1254,car,0.909296,0.781506,1.45827
1237,car,0.962489,0.791532,3.06864
1240,car,0.971794,0.830893,2.54354
1264,car,0.971876,0.907565,0.962686
1238,car,0.95236,0.819337,2.98469
1236,car,0.935721,0.761433,3.635
1239,car,0.942664,0.827665,3.02567
1274,car,0.805955,0.782343,0.0184957
1269,car,0.856475,0.758713,0.690045
1212,person,0.887116,0.518931,8.46677
1235,car,0.953906,0.757835,4.04418
1247,car,0.883439,0.649397,2.5258
1220,person,0.860159,0.610431,7.27636
1273,car,0.948542,0.917499,0.480287
1265,car,0.767966,0.701155,1.44976
1255,car,0.964958,0.855011,2.38636
1272,car,0.967083,0.907511,1.12248
1259,car,0.97328,0.870141,2.33594
1281,car,0.920526,0.904652,0.180576
1278,car,0.865823,0.816882,0.447754
1249,car,0.956101,0.828587,3.4882
1286,car,0.792939,0.734562,0.0810579
1284,car,0.850077,0.805289,0.516066
1263,car,0.972686,0.873984,2.94855
1262,car,0.933139,0.808299,3.09444
1275,car,0.944347,0.849867,2.17628
1267,car,0.966209,0.875545,3.31716
1270,car,0.9677,0.861342,3.29064
1279,car,0.919642,0.785452,2.18475
1271,car,0.96083,0.878311,3.33873
1291,car,0.835543,0.824685,0.0146772
1290,car,0.89929,0.768861,0.462164
1289,car,0.901714,0.780747,0.503534
1288,car,0.942745,0.879747,0.815331
1287,car,0.892846,0.814312,0.902407
1285,car,0.976412,0.902641,1.47114
1282,car,0.965313,0.929754,1.69091
1280,car,0.967178,0.893028,2.18192
1277,car,0.956915,0.876584,2.50658
1276,car,0.955848,0.839495,2.53124
1268,car,0.96826,0.907075,3.5181
1266,car,0.968991,0.882233,3.76987
1260,car,0.97096,0.891183,4.16502
1246,car,0.972244,0.927954,5.20966
1245,car,0.960773,0.815991,5.22233
1242,car,0.910773,0.780677,5.2639
1283,car,0.96066,0.893361,1.57105
1224,car,0.925231,0.699358,9.55819
1216,car,0.958977,0.789705,10.0061
1250,car,0.972365,0.871054,5.12736
1292,car,0.879035,0.746513,0.502406
1294,car,0.8376,0.611293,0.917372
1307,car,0.263643,0.230494,0.405907
1299,car,0.523271,0.363016,0.9636
1295,car,0.941186,0.810521,2.1811
1298,car,0.943951,0.798192,2.26403
1312,car,0.425357,0.362564,0.315163
1302,car,0.941351,0.782923,2.7912
1296,car,0.94315,0.795689,3.00877
1300,car,0.960886,0.763634,3.24962
1304,car,0.937769,0.770343,3.13966
1310,car,0.933794,0.786492,2.30956
1306,car,0.919308,0.747884,3.26394
1303,car,0.330967,0.250375,3.73322
1309,car,0.932857,0.793882,2.89845
1308,car,0.945289,0.742013,3.60004
1311,car,0.957163,0.794976,2.62194
1325,car,0.66365,0.399205,0.124677
1322,car,0.881257,0.597895,0.33773
1332,car,0.87759,0.729169,0.0978317
1314,car,0.958079,0.807551,2.11435
1334,car,0.654868,0.583775,0.0859526
1337,car,0.757629,0.632868,0.156702
1339,car,0.761746,0.633649,0.19128
1329,car,0.946445,0.811266,0.781152
1315,car,0.965212,0.800749,2.56269
1313,car,0.937241,0.788113,3.29485
1324,car,0.901047,0.70693,1.184
1342,car,0.783145,0.664848,0.1489
1338,car,0.925748,0.772927,0.868031
1333,car,0.964549,0.817485,1.19748
1335,car,0.909296,0.781506,1.37476
1318,car,0.962489,0.791532,2.98821
1321,car,0.971794,0.830893,2.47645
1345,car,0.971876,0.907565,0.893378
1319,car,0.95236,0.819337,2.90537
1317,car,0.935721,0.761433,3.57995
1320,car,0.942664,0.827665,2.93554
1355,car,0.805955,0.782343,0.0108076
1350,car,0.856475,0.758713,0.670339
1293,person,0.887116,0.518931,8.29195
1316,car,0.953906,0.757835,3.99164
1328,car,0.883439,0.649397,2.42577
1301,person,0.860159,0.610431,7.15193
1354,car,0.948542,0.917499,0.508229
1346,car,0.767966,0.701155,1.38801
1336,car,0.964958,0.855011,2.32392
1353,car,0.967083,0.907511,1.11275
1340,car,0.97328,0.870141,2.25033
1359,car,0.865823,0.816882,0.448457
1362,car,0.920526,0.904652,0.193109
1330,car,0.956101,0.828587,3.43257
1367,car,0.792939,0.734562,0.0879693
1365,car,0.850077,0.805289,0.489261
1344,car,0.972686,0.873984,2.89164
1343,car,0.933139,0.808299,3.04838
1356,car,0.944347,0.849867,2.16842
1348,car,0.966209,0.875545,3.33909
1351,car,0.9677,0.861342,3.34966
1360,car,0.919642,0.785452,2.24378
1352,car,0.96083,0.878311,3.37608
1372,car,0.835543,0.824685,0.0126164
1371,car,0.89929,0.768861,0.50653
1370,car,0.901714,0.780747,0.513866
1369,car,0.942745,0.879747,0.859578
1368,car,0.892846,0.814312,0.936727
1366,car,0.976412,0.902641,1.50764
1363,car,0.965313,0.929754,1.75694
1361,car,0.967178,0.893028,2.21415
1358,car,0.956915,0.876584,2.54619
1357,car,0.955848,0.839495,2.56307
1349,car,0.96826,0.907075,3.5405
1347,car,0.968991,0.882233,3.76398
1341,car,0.97096,0.891183,4.14711
1327,car,0.972244,0.927954,5.169
1326,car,0.960773,0.815991,5.18799
1323,car,0.910773,0.780677,5.23668
1364,car,0.96066,0.893361,1.62064
1305,car,0.925231,0.699358,9.53013
1297,car,0.958977,0.789705,9.93126
1331,car,0.972365,0.871054,5.12044
1373,car,0.879035,0.746513,0.452958
1375,car,0.8376,0.611293,0.927718
1380,car,0.523271,0.363016,0.948509
1388,car,0.263643,0.230494,0.404458
1376,car,0.941186,0.810521,2.1803
1379,car,0.943951,0.798192,2.26572
1393,car,0.425357,0.362564,0.293592
1377,car,0.94315,0.795689,3.00785
1383,car,0.941351,0.782923,2.82886
1381,car,0.960886,0.763634,3.28554
1385,car,0.937769,0.770343,3.16433
1391,car,0.933794,0.786492,2.36904
1387,car,0.919308,0.747884,3.30579
1384,car,0.330967,0.250375,3.74669
1390,car,0.932857,0.793882,2.93277
1389,car,0.945289,0.742013,3.62003
1392,car,0.957163,0.794976,2.60004
1406,car,0.66365,0.399205,0.122879
1403,car,0.881257,0.597895,0.330114
1413,car,0.87759,0.729169,0.0800777
1395,car,0.958079,0.807551,2.13608
1415,car,0.654868,0.583775,0.109489
1418,car,0.757629,0.632868,0.132509
1420,car,0.761746,0.633649,0.190661
1410,car,0.946445,0.811266,0.806152
1396,car,0.965212,0.800749,2.58084
1394,car,0.937241,0.788113,3.30669
1405,car,0.901047,0.70693,1.20534
1423,car,0.783145,0.664848,0.171407
1419,car,0.925748,0.772927,0.865222
1414,car,0.964549,0.817485,1.19006
1416,car,0.909296,0.781506,1.40776
1399,car,0.962489,0.791532,3.0021
1402,car,0.971794,0.830893,2.46238
1426,car,0.971876,0.907565,0.8677
1400,car,0.95236,0.819337,2.90004
1398,car,0.935721,0.761433,3.56741
1401,car,0.942664,0.827665,2.94259
1436,car,0.805955,0.782343,0.00816364
1431,car,0.856475,0.758713,0.654206
1374,person,0.887116,0.518931,8.36042
1397,car,0.953906,0.757835,3.99725
1409,car,0.883439,0.649397,2.45612
1382,person,0.860159,0.610431,7.19826
1435,car,0.948542,0.917499,0.477742
1427,car,0.767966,0.701155,1.38076
1417,car,0.964958,0.855011,2.34785
1434,car,0.967083,0.907511,1.11925
1421,car,0.97328,0.870141,2.23315
1440,car,0.865823,0.816882,0.428989
1443,car,0.920526,0.904652,0.194521
1411,car,0.956101,0.828587,3.45468
1448,car,0.792939,0.734562,0.0875928
1446,car,0.850077,0.805289,0.501553
1425,car,0.972686,0.873984,2.94655
1424,car,0.933139,0.808299,3.04248
1437,car,0.944347,0.849867,2.22208
1429,car,0.966209,0.875545,3.36355
1432,car,0.9677,0.861342,3.36665
1441,car,0.919642,0.785452,2.26169
1433,car,0.96083,0.878311,3.39647
1453,car,0.835543,0.824685,0.0160516
1452,car,0.89929,0.768861,0.510097
1451,car,0.901714,0.780747,0.51603
1450,car,0.942745,0.879747,0.849958
1449,car,0.892846,0.814312,0.902897
1447,car,0.976412,0.902641,1.51099
1444,car,0.965313,0.929754,1.7476
1442,car,0.967178,0.893028,2.24967
1439,car,0.956915,0.876584,2.59131
1438,car,0.955848,0.839495,2.63036
1430,car,0.96826,0.907075,3.56488
1428,car,0.968991,0.882233,3.81602
1422,car,0.97096,0.891183,4.18074
1408,car,0.972244,0.927954,5.23304
1407,car,0.960773,0.815991,5.24134
1404,car,0.910773,0.780677,5.29709
1445,car,0.96066,0.893361,1.61871
1386,car,0.925231,0.699358,9.60083
1378,car,0.958977,0.789705,10.0076
1412,car,0.972365,0.871054,5.13156
1454,car,0.879035,0.746513,0.453422
1456,car,0.8376,0.611293,0.978204
1469,car,0.263643,0.230494,0.36765
1461,car,0.523271,0.363016,1.00124
1457,car,0.941186,0.810521,2.21216
1460,car,0.943951,0.798192,2.28968
1474,car,0.425357,0.362564,0.313358
1458,car,0.94315,0.795689,3.05379
1464,car,0.941351,0.782923,2.84592
1462,car,0.960886,0.763634,3.33691
1466,car,0.937769,0.770343,3.21076
1472,car,0.933794,0.786492,2.35346
1468,car,0.919308,0.747884,3.30096
1465,car,0.330967,0.250375,3.75807
1471,car,0.932857,0.793882,2.92238
1470,car,0.945289,0.742013,3.62118
1473,car,0.957163,0.794976,2.62089
1487,car,0.66365,0.399205,0.121089
1484,car,0.881257,0.597895,0.331557
1494,car,0.87759,0.729169,0.0899513
1476,car,0.958079,0.807551,2.1496
1499,car,0.757629,0.632868,0.113243
1496,car,0.654868,0.583775,0.109271
1501,car,0.761746,0.633649,0.218229
1491,car,0.946445,0.811266,0.813581
1477,car,0.965212,0.800749,2.6081
1475,car,0.937241,0.788113,3.32851
1486,car,0.901047,0.70693,1.19772
1504,car,0.783145,0.664848,0.171649
1500,car,0.925748,0.772927,0.853205
1495,car,0.964549,0.817485,1.1974
1497,car,0.909296,0.781506,1.38935
1480,car,0.962489,0.791532,3.01541
1507,car,0.971876,0.907565,0.882551
1483,car,0.971794,0.830893,2.49
1481,car,0.95236,0.819337,2.92162
1479,car,0.935721,0.761433,3.5774
1482,car,0.942664,0.827665,2.93829
1517,car,0.805955,0.782343,0.0161259
1512,car,0.856475,0.758713,0.640585
1455,person,0.887116,0.518931,8.39024
1478,car,0.953906,0.757835,4.01748
1490,car,0.883439,0.649397,2.46671
1463,person,0.860159,0.610431,7.22942
1516,car,0.948542,0.917499,0.447539
1508,car,0.767966,0.701155,1.37854
1498,car,0.964958,0.855011,2.32405
1515,car,0.967083,0.907511,1.09055
1502,car,0.97328,0.870141,2.21275
1521,car,0.865823,0.816882,0.420965
1524,car,0.920526,0.904652,0.177589
1492,car,0.956101,0.828587,3.41197
1529,car,0.792939,0.734562,0.0721343
1527,car,0.850077,0.805289,0.495065
1506,car,0.972686,0.873984,2.87766
1505,car,0.933139,0.808299,3.00582
1518,car,0.944347,0.849867,2.16458
1510,car,0.966209,0.875545,3.28543
1513,car,0.9677,0.861342,3.27737
1522,car,0.919642,0.785452,2.19781
1514,car,0.96083,0.878311,3.32516
1534,car,0.835543,0.824685,0.0275161
1533,car,0.89929,0.768861,0.500865
1532,car,0.901714,0.780747,0.512739
1531,car,0.942745,0.879747,0.836462
1530,car,0.892846,0.814312,0.92748
1528,car,0.976412,0.902641,1.50809
1525,car,0.965313,0.929754,1.73487
1523,car,0.967178,0.893028,2.2238
1520,car,0.956915,0.876584,2.54712
1519,car,0.955848,0.839495,2.58008
1511,car,0.96826,0.907075,3.51242
1509,car,0.968991,0.882233,3.73841
1503,car,0.97096,0.891183,4.12443
1489,car,0.972244,0.927954,5.16812
1488,car,0.960773,0.815991,5.18122
1485,car,0.910773,0.780677,5.21873
1526,car,0.96066,0.893361,1.60735
1467,car,0.925231,0.699358,9.53472
1459,car,0.958977,0.789705,9.99241
1493,car,0.972365,0.871054,5.03622
1535,car,0.879035,0.746513,0.453105
1537,car,0.8376,0.611293,0.983159
1542,car,0.523271,0.363016,0.969358
1550,car,0.263643,0.230494,0.401367
1538,car,0.941186,0.810521,2.19015
1541,car,0.943951,0.798192,2.30943
1555,car,0.425357,0.362564,0.28373
1539,car,0.94315,0.795689,3.03687
1545,car,0.941351,0.782923,2.80627
1543,car,0.960886,0.763634,3.28704
1547,car,0.937769,0.770343,3.15814
1553,car,0.933794,0.786492,2.31931
1549,car,0.919308,0.747884,3.29259
1546,car,0.330967,0.250375,3.72238
1551,car,0.945289,0.742013,3.60303
1552,car,0.932857,0.793882,2.92201
1554,car,0.957163,0.794976,2.59104
1568,car,0.66365,0.399205,0.140015
1565,car,0.881257,0.597895,0.347683
1575,car,0.87759,0.729169,0.071031
1557,car,0.958079,0.807551,2.13077
1577,car,0.654868,0.583775,0.137879
1580,car,0.757629,0.632868,0.133317
1582,car,0.761746,0.633649,0.21557
1572,car,0.946445,0.811266,0.822906
1558,car,0.965212,0.800749,2.60486
1556,car,0.937241,0.788113,3.29838
1567,car,0.901047,0.70693,1.20234
1585,car,0.783145,0.664848,0.149951
1581,car,0.925748,0.772927,0.862241
1576,car,0.964549,0.817485,1.17701
1578,car,0.909296,0.781506,1.40844
1561,car,0.962489,0.791532,3.0213
1564,car,0.971794,0.830893,2.48317
1588,car,0.971876,0.907565,0.905073
1562,car,0.95236,0.819337,2.91405
1560,car,0.935721,0.761433,3.606
1563,car,0.942664,0.827665,2.96712
1598,car,0.805955,0.782343,0.0326807
1593,car,0.856475,0.758713,0.702731
1536,person,0.887116,0.518931,8.41177
1559,car,0.953906,0.757835,4.00213
1571,car,0.883439,0.649397,2.4874
1597,car,0.948542,0.917499,0.490828
1544,person,0.860159,0.610431,7.24685
1589,car,0.767966,0.701155,1.42615
1579,car,0.964958,0.855011,2.36986
1596,car,0.967083,0.907511,1.14405
1583,car,0.97328,0.870141,2.29564
1602,car,0.865823,0.816882,0.406986
1605,car,0.920526,0.904652,0.199948
1573,car,0.956101,0.828587,3.48836
1610,car,0.792939,0.734562,0.0999123
1608,car,0.850077,0.805289,0.482462
1587,car,0.972686,0.873984,2.96965
1586,car,0.933139,0.808299,3.09195
1599,car,0.944347,0.849867,2.17742
1591,car,0.966209,0.875545,3.38465
1594,car,0.9677,0.861342,3.37056
1603,car,0.919642,0.785452,2.25264
1595,car,0.96083,0.878311,3.4188
1615,car,0.835543,0.824685,0.0288116
1614,car,0.89929,0.768861,0.541135
1613,car,0.901714,0.780747,0.561866
1612,car,0.942745,0.879747,0.862791
1611,car,0.892846,0.814312,0.950373
1609,car,0.976412,0.902641,1.54112
1606,car,0.965313,0.929754,1.7696
1604,car,0.967178,0.893028,2.24483
1601,car,0.956915,0.876584,2.59007
1600,car,0.955848,0.839495,2.62138
1592,car,0.96826,0.907075,3.6097
1590,car,0.968991,0.882233,3.84052
1584,car,0.97096,0.891183,4.20017
1570,car,0.972244,0.927954,5.24677
1569,car,0.960773,0.815991,5.27382
1566,car,0.910773,0.780677,5.32164
1607,car,0.96066,0.893361,1.61694
1548,car,0.925231,0.699358,9.63485
1540,car,0.958977,0.789705,10.043
1574,car,0.972365,0.871054,5.11601
1616,car,0.879035,0.746513,0.472225
1618,car,0.8376,0.611293,0.941828
1631,car,0.263643,0.230494,0.367772
1623,car,0.523271,0.363016,0.985644
1619,car,0.941186,0.810521,2.22742
1622,car,0.943951,0.798192,2.35077
1636,car,0.425357,0.362564,0.302144
1620,car,0.94315,0.795689,3.06293
1626,car,0.941351,0.782923,2.86999
1628,car,0.937769,0.770343,3.23239
1624,car,0.960886,0.763634,3.34565
1634,car,0.933794,0.786492,2.39739
1630,car,0.919308,0.747884,3.3531
1627,car,0.330967,0.250375,3.83572
1632,car,0.945289,0.742013,3.68452
1633,car,0.932857,0.793882,2.98354
1635,car,0.957163,0.794976,2.63388
1649,car,0.66365,0.399205,0.114315
1646,car,0.881257,0.597895,0.33129
1656,car,0.87759,0.729169,0.073882
1638,car,0.958079,0.807551,2.16033
1658,car,0.654868,0.583775,0.121521
1661,car,0.757629,0.632868,0.127367
1663,car,0.761746,0.633649,0.192105
1653,car,0.946445,0.811266,0.790671
1639,car,0.965212,0.800749,2.60587
1637,car,0.937241,0.788113,3.33049
1648,car,0.901047,0.70693,1.20728
1666,car,0.783145,0.664848,0.171478
1662,car,0.925748,0.772927,0.87741
1657,car,0.964549,0.817485,1.22663
1659,car,0.909296,0.781506,1.46337
1642,car,0.962489,0.791532,3.06769
1645,car,0.971794,0.830893,2.54315
1669,car,0.971876,0.907565,0.929583
1643,car,0.95236,0.819337,2.92907
1641,car,0.935721,0.761433,3.67677
1644,car,0.942664,0.827665,3.00681
1679,car,0.805955,0.782343,0.0283222
1674,car,0.856475,0.758713,0.740875
1640,car,0.953906,0.757835,4.1427
1617,person,0.887116,0.518931,8.54959
1652,car,0.883439,0.649397,2.57923
1678,car,0.948542,0.917499,0.526976
1625,person,0.860159,0.610431,7.43288
1670,car,0.767966,0.701155,1.52347
1660,car,0.964958,0.855011,2.47951
1677,car,0.967083,0.907511,1.20854
1664,car,0.97328,0.870141,2.39829
1686,car,0.920526,0.904652,0.213709
1683,car,0.865823,0.816882,0.454645
1654,car,0.956101,0.828587,3.72174
1691,car,0.792939,0.734562,0.158125
1689,car,0.850077,0.805289,0.828363
1668,car,0.972686,0.873984,3.49492
1667,car,0.933139,0.808299,3.63794
1680,car,0.944347,0.849867,2.74365
1672,car,0.966209,0.875545,3.93603
1675,car,0.9677,0.861342,3.89793
1684,car,0.919642,0.785452,2.71127
1676,car,0.96083,0.878311,3.94733
1696,car,0.835543,0.824685,0.0147617
1695,car,0.89929,0.768861,0.449845
1694,car,0.901714,0.780747,0.469188
1693,car,0.942745,0.879747,0.82165
1692,car,0.892846,0.814312,0.953868
1690,car,0.976412,0.902641,1.85468
1687,car,0.965313,0.929754,2.14781
1685,car,0.967178,0.893028,2.71261
1682,car,0.956915,0.876584,3.05351
1681,car,0.955848,0.839495,3.08502
1673,car,0.96826,0.907075,4.13104
1671,car,0.968991,0.882233,4.36891
1665,car,0.97096,0.891183,4.78751
1651,car,0.972244,0.927954,5.82832
1650,car,0.960773,0.815991,5.83376
1647,car,0.910773,0.780677,5.88925
1688,car,0.96066,0.893361,1.96105
1629,car,0.925231,0.699358,10.2677
1621,car,0.958977,0.789705,10.696
1655,car,0.972365,0.871054,5.76227
1697,car,0.879035,0.746513,0.508733
1699,car,0.8376,0.611293,1.01029
1712,car,0.263643,0.230494,0.41502
1704,car,0.523271,0.363016,1.05087
1700,car,0.941186,0.810521,2.54841
1703,car,0.943951,0.798192,2.7053
1717,car,0.425357,0.362564,0.351155
1701,car,0.94315,0.795689,3.5842
1707,car,0.941351,0.782923,3.35999
1705,car,0.960886,0.763634,3.94087
1709,car,0.937769,0.770343,3.79446
1715,car,0.933794,0.786492,2.93931
1711,car,0.919308,0.747884,4.01815
1708,car,0.330967,0.250375,4.51765
1713,car,0.945289,0.742013,4.45854
1714,car,0.932857,0.793882,3.68305
1716,car,0.957163,0.794976,3.33762
1730,car,0.66365,0.399205,0.278074
1727,car,0.881257,0.597895,0.521596
1737,car,0.87759,0.729169,0.13734
1719,car,0.958079,0.807551,2.67806
1739,car,0.654868,0.583775,0.139356
1742,car,0.757629,0.632868,0.172992
1744,car,0.761746,0.633649,0.302299
1734,car,0.946445,0.811266,0.994932
1720,car,0.965212,0.800749,3.30032
1718,car,0.937241,0.788113,4.16892
1729,car,0.901047,0.70693,1.61542
1747,car,0.783145,0.664848,0.223043
1743,car,0.925748,0.772927,1.16964
1722,car,0.935721,0.761576,3.57495
1738,car,0.964549,0.817485,1.56786
1748,car,0.933139,0.861102,0.6882
1740,car,0.909296,0.781506,1.88778
1723,car,0.962489,0.791532,3.90058
1726,car,0.971794,0.830893,3.29039
1750,car,0.971876,0.907565,1.20099
1724,car,0.95236,0.819337,3.83484
1722,car,0.764464,0.752284,0.00616068
1725,car,0.942664,0.827665,3.87539
1760,car,0.805955,0.782343,0.0319057
1755,car,0.856475,0.758713,0.873401
1698,person,0.887116,0.518931,10.2858
1721,car,0.953906,0.757835,5.1837
1733,car,0.883439,0.649397,3.18595
1706,person,0.860159,0.610431,9.04763
1759,car,0.948542,0.917499,0.648246
1751,car,0.767966,0.701155,1.78257
1741,car,0.964958,0.855011,3.03067
1758,car,0.967083,0.907511,1.37539
1745,car,0.97328,0.870141,2.80058
1767,car,0.920526,0.904652,0.178825
1764,car,0.865823,0.816882,0.43798
1735,car,0.956101,0.828587,4.19104
1772,car,0.792939,0.734562,0.0751427
1770,car,0.850077,0.805289,0.498162
1749,car,0.972686,0.873984,3.36678
1748,car,0.900912,0.78275,1.79475
1761,car,0.944347,0.849867,2.21802
1753,car,0.966209,0.875545,3.7
1756,car,0.9677,0.861342,3.59664
1765,car,0.919642,0.785452,2.24349
1777,car,0.835543,0.824685,0.0244677
1776,car,0.89929,0.768861,0.523636
1775,car,0.901714,0.780747,0.544893
1774,car,0.942745,0.879747,0.883926
1773,car,0.892846,0.814312,0.962688
1771,car,0.976412,0.902641,1.51433
1768,car,0.965313,0.929754,1.77504
1766,car,0.967178,0.893028,2.26212
1763,car,0.956915,0.876584,2.56432
1762,car,0.955848,0.839495,2.59112
1754,car,0.96826,0.907075,3.90715
1752,car,0.968991,0.882233,4.15158
1746,car,0.97096,0.891183,4.67751
1732,car,0.972244,0.927954,6.08301
1731,car,0.960773,0.815991,6.12586
1728,car,0.910773,0.780677,6.17037
1769,car,0.96066,0.893361,1.64956
1710,car,0.925231,0.699358,11.3657
1702,car,0.958977,0.789705,11.8637
1757,car,0.96083,0.878311,3.65845
1736,car,0.972365,0.871054,5.90007
1778,car,0.879035,0.746513,0.509209
1780,car,0.8376,0.611293,0.945593
1793,car,0.263643,0.230494,0.387698
1785,car,0.523271,0.363016,0.956128
1781,car,0.941186,0.810521,2.25021
1784,car,0.943951,0.798192,2.35533
1798,car,0.425357,0.362564,0.27927
1782,car,0.94315,0.795689,3.09919
1788,car,0.941351,0.782923,2.86955
1790,car,0.937769,0.770343,3.18812
1786,car,0.960886,0.763634,3.34236
1796,car,0.933794,0.786492,2.41552
1792,car,0.919308,0.747884,3.36161
1789,car,0.330967,0.250375,3.78191
1795,car,0.932857,0.793882,2.99533
1794,car,0.945289,0.742013,3.70272
1797,car,0.957163,0.794976,2.66796
1811,car,0.66365,0.399205,0.123519
1808,car,0.881257,0.597895,0.361366
1818,car,0.87759,0.729169,0.087549
1800,car,0.958079,0.807551,2.2029
1820,car,0.654868,0.583775,0.113913
1823,car,0.757629,0.632868,0.133642
1825,car,0.761746,0.633649,0.211589
1815,car,0.946445,0.811266,0.84715
1801,car,0.965212,0.800749,2.65675
1799,car,0.937241,0.788113,3.35028
1810,car,0.901047,0.70693,1.23968
1828,car,0.783145,0.664848,0.192677
1824,car,0.925748,0.772927,0.941957
1819,car,0.964549,0.817485,1.24954
1821,car,0.909296,0.781506,1.54867
1804,car,0.962489,0.791532,3.21333
1831,car,0.971876,0.907565,1.01223
1807,car,0.971794,0.830893,2.70186
1805,car,0.95236,0.819337,3.18003
1803,car,0.935721,0.761433,3.84693
1806,car,0.942664,0.827665,3.22919
1841,car,0.805955,0.782343,0.0190623
1836,car,0.856475,0.758713,0.863807
1779,person,0.887116,0.518931,8.94882
1802,car,0.953906,0.757835,4.36304
1814,car,0.883439,0.649397,2.80856
1840,car,0.948542,0.917499,0.62628
1787,person,0.860159,0.610431,7.67413
1832,car,0.767966,0.701155,1.70403
1822,car,0.964958,0.855011,2.71583
1839,car,0.967083,0.907511,1.40887
1826,car,0.97328,0.870141,2.70245
1848,car,0.920526,0.904652,0.222949
1845,car,0.865823,0.816882,0.532955
1816,car,0.956101,0.828726,4.08668
1853,car,0.792939,0.734562,0.0376702
1851,car,0.850077,0.805975,0.548833
1830,car,0.972686,0.874168,3.56284
1829,car,0.933139,0.807409,3.66123
1842,car,0.944347,0.849309,2.57042
1834,car,0.966209,0.875816,3.92766
1837,car,0.9677,0.861711,3.86419
1846,car,0.919642,0.784468,2.47342
1838,car,0.96083,0.878311,3.89366
1858,car,0.835543,0.824685,0.212808
1857,car,0.89929,0.768861,0.618877
1856,car,0.901714,0.780747,0.624034
1855,car,0.942745,0.879747,1.10474
1854,car,0.892846,0.814312,1.12308
1852,car,0.976412,0.903079,1.71354
1849,car,0.965313,0.929558,2.10632
1847,car,0.967178,0.892799,2.60387
1844,car,0.956915,0.876478,3.03596
1843,car,0.955848,0.839234,3.08597
1835,car,0.96826,0.906879,4.28537
1833,car,0.968991,0.882233,4.50593
1827,car,0.97096,0.891183,4.98273
1817,car,0.972365,0.870898,5.81507
1813,car,0.972244,0.927826,6.05885
1812,car,0.960773,0.815985,6.06782
1809,car,0.910773,0.780599,6.13234
1850,car,0.96066,0.893676,1.9637
1791,car,0.925231,0.699136,10.5262
1783,car,0.958977,0.78949,10.9409
1859,car,0.879035,0.746513,0.439261
1861,car,0.8376,0.611293,0.953851
1874,car,0.263643,0.230494,0.394394
1866,car,0.523271,0.363016,1.11904
1862,car,0.941186,0.810521,2.20589
1865,car,0.943951,0.798192,2.32762
1879,car,0.425357,0.362564,0.339124
1869,car,0.941351,0.782923,2.7758
1863,car,0.94315,0.795689,3.07237
1871,car,0.937769,0.770343,3.14112
1867,car,0.960886,0.763634,3.34195
1877,car,0.933794,0.785561,2.28686
1873,car,0.919308,0.747884,3.29956
1870,car,0.330967,0.250375,3.78917
1876,car,0.932857,0.79451,2.94758
1875,car,0.945289,0.740595,3.69634
1878,car,0.957163,0.794071,2.77099
1892,car,0.66365,0.399205,0.201878
1889,car,0.881257,0.597895,0.286934
1899,car,0.87759,0.729169,0.232084
1881,car,0.958079,0.806795,2.37306
1901,car,0.654868,0.583775,0.242009
1904,car,0.757629,0.632868,0.254652
1906,car,0.761746,0.633649,0.177226
1896,car,0.946445,0.811266,0.97959
1882,car,0.965212,0.799022,2.85783
1880,car,0.937241,0.786268,3.66853
1891,car,0.901047,0.70693,1.30341
1909,car,0.783145,0.674439,0.231157
1905,car,0.925748,0.773869,0.867928
1913,car,0.755136,0.661497,0.264067
1900,car,0.964549,0.815199,1.2759
1883,car,0.953906,0.745045,3.88562
1885,car,0.962489,0.793799,3.54631
1888,car,0.971794,0.830314,2.94128
1912,car,0.971876,0.907565,1.09351
1886,car,0.95236,0.823243,3.23835
1884,car,0.935721,0.765647,3.89172
1887,car,0.942664,0.829309,3.34945
1923,car,0.805955,0.782343,0.00760955
1917,car,0.856475,0.756185,0.816371
1860,person,0.887116,0.519396,8.87097
1902,car,0.922374,0.796734,2.25892
1895,car,0.883439,0.649397,2.79625
1868,person,0.860159,0.611342,7.75233
1921,car,0.948542,0.916188,0.398299
1922,car,0.800249,0.716025,0.545625
1903,car,0.964958,0.855242,2.62464
1920,car,0.967083,0.908489,1.22001
1907,car,0.97328,0.869839,2.60126
1930,car,0.920526,0.904652,0.17314
1927,car,0.865823,0.816882,0.572986
1897,car,0.956101,0.82832,3.99934
1935,car,0.792939,0.734562,0.190552
1933,car,0.850077,0.805289,0.576351
1910,car,0.933139,0.807428,3.43736
1924,car,0.944347,0.852627,2.28274
1898,car,0.972365,0.884021,4.9316
1911,car,0.972686,0.870039,4.12286
1915,car,0.966209,0.875646,4.14716
1918,car,0.9677,0.862459,4.00459
1928,car,0.919642,0.781853,3.06426
1919,car,0.96083,0.877008,4.32076
1898,car,0.669996,0.448515,0.0411337
1939,car,0.89929,0.772993,0.756353
1938,car,0.901714,0.777752,0.76786
1937,car,0.942745,0.87951,1.28004
1936,car,0.892846,0.814149,1.32608
1934,car,0.976412,0.905337,2.11318
1932,car,0.96066,0.893447,2.29989
1929,car,0.967178,0.892541,3.03229
1926,car,0.956915,0.875233,3.3622
1925,car,0.955848,0.839579,3.37387
1916,car,0.96826,0.906738,4.39924
1914,car,0.968991,0.882578,4.73164
1908,car,0.97096,0.892528,5.133
1894,car,0.972244,0.927968,6.36505
1893,car,0.960773,0.816116,6.36788
1890,car,0.910773,0.780381,6.38061
1931,car,0.965313,0.929908,2.35058
1872,car,0.925231,0.697953,10.7136
1864,car,0.958977,0.789265,11.3092
1940,car,0.879035,0.742935,0.468872
1942,car,0.8376,0.611293,0.854908
1955,car,0.263643,0.230494,0.348022
1947,car,0.523271,0.363016,1.01314
1943,car,0.941186,0.812366,2.19983
1946,car,0.943951,0.799058,2.40488
1960,car,0.425357,0.362564,0.192068
1944,car,0.94315,0.794583,3.04229
1950,car,0.941351,0.782763,2.96075
1952,car,0.937769,0.774819,3.47798
1948,car,0.960886,0.766051,3.56235
1958,car,0.933794,0.785432,2.55669
1954,car,0.919308,0.747292,3.72479
1951,car,0.330967,0.251222,4.13577
1956,car,0.945289,0.743277,4.14663
1957,car,0.932857,0.794306,3.24566
1959,car,0.957163,0.799709,3.17225
1974,car,0.66365,0.399205,0.217599
1971,car,0.881257,0.597895,0.671604
1981,car,0.87759,0.729169,0.0326204
1962,car,0.958079,0.80752,2.83439
1985,car,0.757629,0.632868,0.211419
1982,car,0.654868,0.583775,0.175061
1987,car,0.761746,0.633649,0.324967
1978,car,0.946445,0.811266,1.00864
1963,car,0.965212,0.799718,3.39689
1961,car,0.937241,0.786545,4.04795
1973,car,0.901047,0.70693,1.58021
1990,car,0.783145,0.678728,0.211816
1969,car,0.95236,0.832106,2.3589
1986,car,0.925748,0.777275,1.15288
1965,car,0.935721,0.761003,3.69285
1994,car,0.755136,0.661497,0.231664
1967,car,0.964549,0.776612,2.90431
1991,car,0.933139,0.859881,0.570298
1983,car,0.909296,0.781506,1.96655
1970,car,0.971794,0.831883,3.37339
1969,car,0.844436,0.778047,0.0768988
1993,car,0.971876,0.906988,1.25926
1965,car,0.764464,0.752284,0.00753482
2003,car,0.805955,0.782343,0.115418
1968,car,0.942664,0.82959,3.91715
1998,car,0.856475,0.758713,1.00987
1941,person,0.887116,0.518541,9.99463
1964,car,0.953906,0.755614,5.26566
1977,car,0.883439,0.649397,3.11201
2002,car,0.948542,0.917322,0.51893
1949,person,0.860159,0.610987,8.77347
1994,car,0.767966,0.711592,0.434433
1984,car,0.964958,0.857795,2.86386
1966,car,0.962489,0.792333,4.90641
2001,car,0.967083,0.90708,1.45855
2000,car,0.96083,0.886699,1.49836
1988,car,0.97328,0.870466,2.83598
2008,car,0.865823,0.816882,0.541751
2010,car,0.920526,0.904652,0.0872469
1979,car,0.956101,0.826651,4.24675
2015,car,0.792939,0.734562,0.101409
2013,car,0.850077,0.805289,0.708043
1991,car,0.900912,0.78275,2.19533
1992,car,0.972686,0.874373,3.71457
2004,car,0.944347,0.847829,2.87835
1996,car,0.966209,0.875558,4.30525
2020,car,0.835543,0.824685,0.0105279
2019,car,0.89929,0.771655,0.575748
2018,car,0.901714,0.781075,0.582307
2017,car,0.942745,0.87942,1.0608
2016,car,0.892846,0.815503,1.08589
2000,car,0.928887,0.863383,1.80173
2014,car,0.976412,0.901675,1.969
2011,car,0.965313,0.928536,2.30074
2009,car,0.967178,0.89527,2.94971
2007,car,0.905253,0.784318,2.95901
2006,car,0.956915,0.874775,3.25452
2005,car,0.955848,0.838453,3.26867
1999,car,0.9677,0.860326,4.41952
1997,car,0.96826,0.909247,4.67632
1995,car,0.968991,0.883417,4.79356
1989,car,0.968856,0.890364,5.29617
1976,car,0.972244,0.927639,6.59932
1975,car,0.960773,0.816251,6.7466
1972,car,0.910773,0.781224,6.81556
2012,car,0.96066,0.894442,2.11754
1953,car,0.925231,0.699439,11.8065
1945,car,0.958977,0.789095,12.1052
1980,car,0.972365,0.871482,6.5224
2021,car,0.879035,0.746513,0.582518
2023,car,0.8376,0.611293,1.34101
2036,car,0.263643,0.230494,0.60162
2028,car,0.523271,0.363016,1.36549
2024,car,0.941186,0.810733,2.64753
2027,car,0.943951,0.797773,2.97442
2041,car,0.425357,0.362564,0.444078
2031,car,0.941351,0.779805,3.45683
2025,car,0.94315,0.794596,3.82059
2033,car,0.937769,0.767997,3.87997
2029,car,0.960886,0.761293,4.12928
2039,car,0.933794,0.785709,2.86373
2035,car,0.917161,0.745045,4.23251
2032,car,0.330967,0.252465,4.68899
2038,car,0.932857,0.78606,3.773
2037,car,0.945289,0.741605,4.70404
2054,car,0.66365,0.426553,0.282902
2051,car,0.784673,0.520303,0.533207
2040,car,0.957163,0.79432,3.48882
2058,car,0.696666,0.545985,0.0581839
2062,car,0.87759,0.746138,0.0421466
2043,car,0.958079,0.807356,2.94185
2064,car,0.654868,0.583775,0.193338
2067,car,0.757629,0.632868,0.212027
2069,car,0.761746,0.635818,0.176928
2044,car,0.965212,0.801022,3.31892
2053,car,0.901047,0.726936,1.40168
2042,car,0.937241,0.789289,4.42935
2059,car,0.946445,0.767851,1.33393
2072,car,0.783145,0.664848,0.2527
2068,car,0.925748,0.77054,1.08276
2063,car,0.964549,0.820192,1.56437
2073,car,0.933139,0.861102,0.656327
2065,car,0.909296,0.777414,1.92651
2075,car,0.971876,0.907565,1.02347
2050,car,0.971794,0.828798,3.32413
2048,car,0.95236,0.81998,3.73858
2047,car,0.962489,0.789991,4.14604
2046,car,0.935721,0.763767,4.56364
2049,car,0.942664,0.826067,3.8224
2085,car,0.805955,0.782343,0.031925
2080,car,0.856475,0.758713,1.05375
2022,person,0.887116,0.519838,11.0108
2045,car,0.953906,0.75756,5.39136
2057,car,0.883439,0.646465,3.1662
2030,person,0.855176,0.60752,9.42722
2084,car,0.948542,0.917499,0.781444
2076,car,0.767966,0.701155,1.83028
2066,car,0.964958,0.854179,3.12177
2083,car,0.967083,0.907511,1.47706
2070,car,0.97328,0.872257,2.77729
2092,car,0.920526,0.902875,0.158267
2089,car,0.865823,0.816882,0.415379
2060,car,0.956101,0.829051,4.35054
2097,car,0.792939,0.734562,0.188823
2095,car,0.850077,0.803479,0.571713
2073,car,0.900912,0.781594,1.88472
2074,car,0.972686,0.875484,3.43523
2086,car,0.944347,0.848388,2.51615
2078,car,0.966209,0.874912,4.01214
2090,car,0.919642,0.784605,2.39717
2082,car,0.96083,0.878338,4.03697
2081,car,0.9677,0.862277,4.01022
2102,car,0.835543,0.824685,0.0166068
2101,car,0.89929,0.768861,0.537595
2100,car,0.901714,0.780747,0.549055
2099,car,0.942745,0.880605,0.96907
2098,car,0.892846,0.813808,1.00336
2096,car,0.976412,0.903928,1.77014
2094,car,0.96066,0.893061,1.81155
2091,car,0.967178,0.892585,2.42879
2088,car,0.956915,0.876049,2.81003
2087,car,0.955848,0.838894,2.82601
2079,car,0.96826,0.906893,4.22461
2077,car,0.968991,0.882252,4.57308
2071,car,0.97096,0.891022,5.07032
2056,car,0.972244,0.928326,6.45377
2055,car,0.960773,0.816251,6.47024
2052,car,0.910773,0.780368,6.56507
2093,car,0.965313,0.929653,2.01969
2034,car,0.923548,0.698473,12.0898
2026,car,0.958977,0.789828,12.5983
2061,car,0.972365,0.872716,6.2806
2103,car,0.879035,0.745589,0.447845
2105,car,0.8376,0.610533,0.869368
2110,car,0.523271,0.363016,1.0337
2118,car,0.263643,0.230494,0.383023
2107,car,0.941186,0.811657,2.21101
2109,car,0.943951,0.797753,2.50923
2123,car,0.425357,0.362564,0.442976
2106,car,0.94315,0.795796,3.18222
2113,car,0.941351,0.784216,2.96658
2115,car,0.937769,0.771046,3.37979
2111,car,0.960886,0.762994,3.58226
2121,car,0.933794,0.78547,2.51347
2117,car,0.919308,0.74624,3.50191
2114,car,0.330967,0.249167,3.96207
2119,car,0.945289,0.740955,3.94623
2120,car,0.932857,0.79538,3.11163
2122,car,0.957163,0.794595,2.76459
2136,car,0.66365,0.3945,0.112838
2135,car,0.901047,0.726376,0.336775
2143,car,0.87759,0.720549,0.17282
2133,car,0.881257,0.65401,0.723912
2125,car,0.958079,0.807445,2.3036
2148,car,0.757629,0.632868,0.188523
2145,car,0.654868,0.583775,0.1782
2150,car,0.761746,0.635783,0.0732091
2140,car,0.946445,0.806454,0.817548
2126,car,0.965212,0.803201,2.54171
2124,car,0.937241,0.791933,3.38308
2144,car,0.839838,0.698177,0.645831
2154,car,0.783145,0.664848,0.177062
2149,car,0.925748,0.771747,0.764335
2151,car,0.964549,0.824208,0.93176
2129,car,0.962489,0.788231,2.97905
2132,car,0.971794,0.829858,2.52542
2157,car,0.971876,0.905988,0.975366
2130,car,0.95236,0.819623,2.94025
2128,car,0.935721,0.763404,3.68591
2131,car,0.942664,0.825829,2.94718
2166,car,0.805955,0.782343,0.00738962
2162,car,0.856475,0.758713,0.634478
2104,person,0.887116,0.519495,8.86267
2146,car,0.922374,0.795473,1.95564
2139,car,0.883439,0.64786,2.4756
2112,person,0.860159,0.609508,7.56902
2127,car,0.953906,0.789121,4.2329
2158,car,0.767966,0.701155,1.37961
2147,car,0.964958,0.854735,2.4288
2165,car,0.967083,0.907776,1.26936
2152,car,0.97328,0.869628,2.38627
2173,car,0.920526,0.904652,0.285262
2170,car,0.865823,0.816882,0.38647
2141,car,0.956101,0.830465,3.43873
2178,car,0.792939,0.734562,0.103109
2176,car,0.850077,0.805289,0.497364
2156,car,0.972686,0.873127,2.92332
2155,car,0.933139,0.808299,3.06919
2167,car,0.944347,0.849867,2.26321
2160,car,0.966209,0.87541,3.38808
2163,car,0.9677,0.861255,3.4673
2164,car,0.96083,0.877885,3.48296
2171,car,0.919642,0.785452,2.20279
2183,car,0.835543,0.824685,0.00652596
2182,car,0.89929,0.768861,0.539522
2181,car,0.901714,0.780747,0.540963
2180,car,0.942745,0.879747,0.790772
2179,car,0.892846,0.814312,0.990318
2177,car,0.976412,0.902641,1.6109
2174,car,0.965313,0.929754,1.80566
2172,car,0.967178,0.893028,2.19259
2169,car,0.956915,0.876584,2.55076
2168,car,0.955848,0.839495,2.5674
2161,car,0.96826,0.906941,3.54838
2159,car,0.968991,0.881843,3.86757
2153,car,0.97096,0.891652,4.2367
2138,car,0.972244,0.928483,5.28957
2137,car,0.960773,0.816171,5.37478
2134,car,0.910773,0.780537,5.38607
2175,car,0.96066,0.893361,1.66614
2116,car,0.925231,0.699287,9.94143
2108,car,0.958977,0.789502,10.3628
2142,car,0.972365,0.869955,5.29457
2184,car,0.879035,0.746513,0.398545
2186,car,0.8376,0.611293,0.798981
2191,car,0.523271,0.363016,0.986824
2199,car,0.263643,0.230494,0.417151
2187,car,0.941186,0.811834,2.16898
2190,car,0.943951,0.797822,2.35304
2204,car,0.425357,0.362564,0.386623
2188,car,0.94315,0.795657,2.9955
2194,car,0.941351,0.782843,2.80711
2192,car,0.960886,0.763274,3.37398
2196,car,0.937769,0.770509,3.30078
2202,car,0.933794,0.787068,2.20532
2198,car,0.919308,0.747687,3.24872
2195,car,0.330967,0.250375,3.70411
2201,car,0.932857,0.795336,2.8265
2200,car,0.945289,0.741224,3.70183
2218,car,0.66365,0.399205,0.0641718
2215,car,0.881257,0.597895,0.370347
2203,car,0.957163,0.795044,2.70084
2225,car,0.87759,0.729169,0.0204003
2206,car,0.958079,0.809215,2.0956
2231,car,0.761746,0.633649,0.0832499
2229,car,0.757629,0.632868,0.190077
2226,car,0.654868,0.583775,0.174588
2222,car,0.946445,0.811266,0.810518
2207,car,0.965212,0.793693,2.56533
2205,car,0.937241,0.787309,3.35601
2217,car,0.901047,0.70693,1.06069
2234,car,0.783145,0.664848,0.217827
2230,car,0.925748,0.769948,0.768441
2211,car,0.964549,0.775746,2.41075
2227,car,0.909296,0.779383,1.36785
2210,car,0.962489,0.792316,3.04521
2237,car,0.971876,0.908933,0.839319
2214,car,0.971794,0.831791,2.50156
2213,car,0.95236,0.828983,2.69776
2212,car,0.942664,0.828065,2.9129
2209,car,0.935721,0.760886,3.50577
2247,car,0.805955,0.782343,0.0155677
2246,car,0.948542,0.917322,0.385321
2242,car,0.856475,0.758713,0.671307
2221,car,0.883439,0.64737,2.43549
2208,car,0.953906,0.75683,3.96943
2193,person,0.860159,0.611245,7.18921
2185,person,0.887116,0.518651,8.53387
2238,car,0.767966,0.698833,1.35123
2228,car,0.964958,0.855315,2.43547
2245,car,0.967083,0.90708,1.13634
2232,car,0.97328,0.869716,2.35801
2254,car,0.920526,0.904652,0.27985
2251,car,0.865823,0.816882,0.451414
2223,car,0.956101,0.827977,3.40697
2259,car,0.792939,0.72475,0.0193366
2257,car,0.850077,0.805548,0.53862
2236,car,0.972686,0.87364,2.99226
2235,car,0.933139,0.805106,3.25397
2248,car,0.944347,0.850751,2.21933
2241,car,0.966209,0.875455,3.29132
2243,car,0.9677,0.862418,3.46049
2264,car,0.835543,0.824685,0.00626486
2263,car,0.89929,0.768861,0.583685
2262,car,0.901714,0.7816,0.600997
2261,car,0.942745,0.880861,0.939468
2260,car,0.892846,0.8129,0.959379
2258,car,0.976412,0.902348,1.6384
2255,car,0.965313,0.929318,1.86814
2253,car,0.967178,0.893038,2.33737
2250,car,0.956915,0.875284,2.60812
2249,car,0.955848,0.839221,2.75742
2239,car,0.968991,0.88181,3.90377
2233,car,0.97096,0.89216,4.34786
2224,car,0.970143,0.901235,5.03181
2220,car,0.972244,0.927791,5.26854
2219,car,0.960773,0.815655,5.28189
2216,car,0.910773,0.780496,5.45247
2256,car,0.96066,0.893311,1.69501
2197,car,0.925231,0.698232,9.75844
2252,car,0.919642,0.782693,2.32317
2189,car,0.958977,0.789106,10.132
2244,car,0.96083,0.878153,3.4826
2240,car,0.972365,0.864395,3.83176
2265,car,0.879035,0.746513,0.457239
2267,car,0.8376,0.611293,0.90497
2280,car,0.263643,0.230494,0.42961
2272,car,0.523271,0.363016,0.958998
2268,car,0.941186,0.81071,2.17691
2271,car,0.943951,0.798378,2.31738
2285,car,0.425357,0.362564,0.232652
2269,car,0.94315,0.795001,3.01114
2275,car,0.941351,0.782283,2.79077
2273,car,0.960886,0.763264,3.31769
2277,car,0.937769,0.769925,3.11901
2282,car,0.933794,0.788285,2.26108
2279,car,0.919308,0.747568,3.37963
2276,car,0.330967,0.250375,3.77906
2283,car,0.932857,0.794066,2.82592
2281,car,0.945289,0.740613,3.69349
2284,car,0.957163,0.793242,2.58165
2298,car,0.66365,0.399205,0.151339
2295,car,0.881257,0.597895,0.252189
2305,car,0.87759,0.729169,0.0242792
2287,car,0.958079,0.807968,2.12132
2310,car,0.757629,0.632868,0.17093
2307,car,0.654868,0.583775,0.163007
2312,car,0.761746,0.633649,0.189725
2302,car,0.946445,0.811266,0.814561
2288,car,0.965212,0.799309,2.57053
2286,car,0.937241,0.786884,3.24073
2297,car,0.901047,0.70693,1.2031
2315,car,0.783145,0.664848,0.243747
2311,car,0.925748,0.772927,0.79861
2306,car,0.964549,0.817485,1.27135
2308,car,0.909296,0.781506,1.42271
2291,car,0.962489,0.7938,3.13363
2294,car,0.971794,0.830893,2.58149
2318,car,0.971876,0.907565,0.837071
2292,car,0.95236,0.819935,2.98369
2293,car,0.942664,0.828975,2.95
2290,car,0.935721,0.759081,3.74564
2328,car,0.805955,0.782343,0.0071378
2323,car,0.856475,0.758713,0.723582
2266,person,0.887116,0.519103,8.51349
2289,car,0.953906,0.757835,4.0711
2327,car,0.948542,0.917499,0.521281
2301,car,0.883439,0.649397,2.59745
2274,person,0.860159,0.610571,7.45613
2319,car,0.767966,0.701155,1.45559
2326,car,0.967083,0.907511,1.21125
2309,car,0.964958,0.855011,2.48234
2313,car,0.97328,0.870141,2.20744
2335,car,0.920526,0.904652,0.152214
2332,car,0.865823,0.816882,0.32324
2303,car,0.956101,0.828587,3.50258
2340,car,0.792939,0.737382,0.190282
2338,car,0.850077,0.805289,0.499044
2317,car,0.972686,0.875808,2.90282
2316,car,0.933139,0.807035,3.1241
2329,car,0.944347,0.850303,2.18324
2321,car,0.966209,0.87506,3.46972
2345,car,0.835543,0.824685,0.00381132
2344,car,0.89929,0.768861,0.558922
2343,car,0.901714,0.780747,0.563427
2342,car,0.942745,0.879747,0.944105
2341,car,0.892846,0.814312,1.11208
2339,car,0.976412,0.901993,1.63
2336,car,0.965313,0.929373,1.96972
2334,car,0.967178,0.892993,2.35428
2331,car,0.956915,0.877855,2.70628
2330,car,0.955848,0.838838,2.71228
2324,car,0.9677,0.861196,3.55954
2322,car,0.96826,0.906904,3.66039
2320,car,0.968991,0.882077,3.97957
2314,car,0.97096,0.891154,4.30332
2300,car,0.972244,0.927708,5.46039
2299,car,0.960773,0.816056,5.46371
2296,car,0.910773,0.780254,5.47787
2337,car,0.96066,0.892789,1.83893
2278,car,0.925231,0.699048,9.7888
2333,car,0.919642,0.786143,2.35701
2270,car,0.958977,0.790361,10.2118
2325,car,0.96083,0.877512,3.57955
2304,car,0.972365,0.873979,5.3313
2346,car,0.879035,0.747829,0.596181
2348,car,0.8376,0.611293,1.19907
2353,car,0.523271,0.363016,1.00791
2361,car,0.263643,0.230494,0.421479
2349,car,0.941186,0.810521,2.5364
2352,car,0.943951,0.800228,2.62803
2366,car,0.425357,0.341027,0.303138
2356,car,0.941351,0.787194,3.09023
2350,car,0.94315,0.798217,3.52447
2354,car,0.960886,0.766203,3.61143
2358,car,0.937769,0.770343,3.40583
2364,car,0.933794,0.782447,2.67075
2360,car,0.919308,0.747908,3.68084
2357,car,0.330967,0.248205,4.11583
2363,car,0.932857,0.790271,3.27078
2362,car,0.945289,0.740263,4.06707
2379,car,0.66365,0.399205,0.0807475
2365,car,0.957163,0.793843,2.80748
2376,car,0.881257,0.589664,0.448856
2386,car,0.87759,0.729169,0.0310514
2368,car,0.958079,0.807893,2.30525
2388,car,0.621907,0.569556,0.0392365
2390,car,0.757629,0.644869,0.0504563
2393,car,0.761746,0.633649,0.236724
2383,car,0.946445,0.801501,0.921381
2369,car,0.965212,0.801127,2.74842
2367,car,0.937241,0.797309,3.68026
2378,car,0.901047,0.708825,1.41978
2396,car,0.783145,0.664848,0.223426
2392,car,0.925748,0.772927,1.03595
2387,car,0.964549,0.817485,1.51245
2397,car,0.933139,0.861102,0.680927
2389,car,0.909296,0.781192,1.60824
2372,car,0.962489,0.789789,3.54764
2375,car,0.960717,0.829119,3.0348
2399,car,0.971876,0.907565,1.16483
2373,car,0.95236,0.819091,3.53794
2371,car,0.935721,0.762972,4.29363
2374,car,0.942664,0.82678,3.61628
2409,car,0.805955,0.782343,0.0364337
2404,car,0.856475,0.758713,0.937439
2370,car,0.953906,0.758823,4.73837
2347,person,0.887116,0.517263,9.77835
2382,car,0.883439,0.65165,3.02813
2355,person,0.860159,0.612376,8.34673
2408,car,0.948542,0.917499,0.575551
2400,car,0.767966,0.701155,1.73148
2391,car,0.964958,0.858571,2.764
2407,car,0.967083,0.907511,1.38481
2394,car,0.97328,0.870141,2.76937
2413,car,0.865823,0.816882,0.449451
2416,car,0.920526,0.904652,0.205082
2384,car,0.956101,0.828651,4.04352
2421,car,0.792939,0.734562,0.035465
2419,car,0.850077,0.805289,0.571417
2398,car,0.972686,0.873984,3.53251
2397,car,0.900912,0.78275,1.99249
2410,car,0.944347,0.849867,2.65188
2402,car,0.966209,0.875545,4.04608
2405,car,0.9677,0.861342,3.99843
2414,car,0.919642,0.785452,2.63935
2406,car,0.96083,0.878311,4.05719
2426,car,0.835543,0.824685,0.0101409
2425,car,0.89929,0.768861,0.516563
2424,car,0.901714,0.780747,0.564871
2423,car,0.942745,0.879747,1.03295
2422,car,0.892846,0.814312,1.10696
2420,car,0.976412,0.902641,1.7864
2417,car,0.965313,0.929754,2.08717
2415,car,0.967178,0.893028,2.64469
2412,car,0.956915,0.876584,3.0129
2411,car,0.955848,0.839495,3.04769
2403,car,0.96826,0.907075,4.26511
2401,car,0.968991,0.882233,4.57449
2395,car,0.97096,0.891183,5.0399
2381,car,0.972244,0.92852,6.23352
2380,car,0.960773,0.816143,6.24243
2377,car,0.910773,0.781897,6.34962
2418,car,0.96066,0.893361,1.89217
2359,car,0.925231,0.700443,11.0267
2351,car,0.958977,0.790429,11.678
2385,car,0.972365,0.870803,6.05551
2427,car,0.879035,0.746513,0.555851
2429,car,0.8376,0.611293,1.0779
2442,car,0.263643,0.230494,0.396854
2434,car,0.523271,0.363016,1.1044
2430,car,0.941186,0.810521,2.46531
2433,car,0.943951,0.798192,2.62689
2447,car,0.425357,0.362564,0.359054
2431,car,0.94315,0.795689,3.43661
2437,car,0.941351,0.782923,3.25599
2435,car,0.960886,0.763634,3.76883
2439,car,0.937769,0.770343,3.65725
2445,car,0.933794,0.786492,2.70946
2441,car,0.919308,0.747884,3.70156
2438,car,0.330967,0.250375,4.27799
2444,car,0.932857,0.793882,3.28978
2443,car,0.945289,0.742013,4.04434
2446,car,0.957163,0.794976,2.81113
2460,car,0.66365,0.399205,0.135871
2457,car,0.881257,0.597895,0.353261
2467,car,0.87759,0.729169,0.128129
2449,car,0.958079,0.807551,2.35067
2469,car,0.654868,0.583775,0.1431
2472,car,0.757629,0.632868,0.153159
2474,car,0.761746,0.633649,0.218533
2464,car,0.946445,0.811266,0.989463
2450,car,0.965212,0.800749,2.87378
2448,car,0.937241,0.788113,3.69778
2459,car,0.901047,0.70693,1.37388
2477,car,0.783145,0.664848,0.155974
2473,car,0.925748,0.772927,0.957407
2468,car,0.964549,0.817485,1.3432
2470,car,0.909296,0.781506,1.55424
2453,car,0.962489,0.791532,3.33721
2456,car,0.971794,0.830893,2.82925
2480,car,0.971876,0.907565,1.02581
2454,car,0.95236,0.819337,3.25373
2452,car,0.935721,0.761433,3.96888
2455,car,0.942664,0.827665,3.30732
2490,car,0.805955,0.782343,0.0191615
2485,car,0.856475,0.758713,0.780924
2428,person,0.887116,0.518931,9.48967
2451,car,0.953906,0.757835,4.42375
2463,car,0.883439,0.649397,2.82167
2436,person,0.860159,0.610431,8.12738
2489,car,0.948542,0.917499,0.516339
2481,car,0.767966,0.701155,1.58197
2471,car,0.964958,0.855011,2.71984
2488,car,0.967083,0.907511,1.33872
2475,car,0.97328,0.870141,2.52037
2494,car,0.865823,0.816882,0.417576
2497,car,0.920526,0.904652,0.244651
2465,car,0.956101,0.828587,3.91463
2502,car,0.792939,0.734562,0.0938402
2500,car,0.850077,0.805289,0.528276
2479,car,0.972686,0.873984,3.25523
2478,car,0.933139,0.808299,3.38946
2491,car,0.944347,0.849867,2.34201
2483,car,0.966209,0.875545,3.61019
2486,car,0.9677,0.861342,3.60845
2495,car,0.919642,0.785452,2.2924
2487,car,0.96083,0.878311,3.65916
2507,car,0.835543,0.824685,0.017023
2506,car,0.89929,0.768861,0.505343
2505,car,0.901714,0.780747,0.52668
2504,car,0.942745,0.879747,0.852506
2503,car,0.892846,0.814312,0.914867
2501,car,0.976412,0.902641,1.54055
2498,car,0.965313,0.929754,1.78457
2496,car,0.967178,0.893028,2.29502
2493,car,0.956915,0.876584,2.69998
2492,car,0.955848,0.839495,2.74257
2484,car,0.96826,0.907075,3.8258
2482,car,0.968991,0.882233,4.08043
2476,car,0.97096,0.891183,4.49749
2462,car,0.972244,0.927954,5.74058
2461,car,0.960773,0.815991,5.74399
2458,car,0.910773,0.780677,5.80206
2499,car,0.96066,0.893361,1.61645
2440,car,0.925231,0.699358,10.6258
2432,car,0.958977,0.789705,11.0761
2466,car,0.972365,0.871054,5.5992
2508,car,0.879035,0.746513,0.448836
2510,car,0.8376,0.611293,0.914643
2523,car,0.263643,0.230494,0.391577
2515,car,0.523271,0.363016,0.942542
7,car,0.864594,0.453686,1.26502
9,car,0.774862,0.34347,1.232
16,car,0.277291,0.252915,0.0816368
14,car,0.407453,0.340228,0.574356
5,car,0.794171,0.494159,1.63664
15,car,0.742124,0.462926,0.900989
10,car,0.91295,0.71327,2.87187
8,car,0.942175,0.779459,3.49905
12,car,0.891544,0.652927,3.97573
19,car,0.876455,0.547981,0.250946
20,car,0.855363,0.706361,0.822996
19,car,0.277893,0.236634,0.616083
17,car,0.701726,0.272572,3.64844
3,car,0.341706,0.224787,7.34543
11,car,0.601552,0.316427,7.37996
22,car,0.682832,0.386945,1.27329
24,car,0.897644,0.779978,0.232746
18,car,0.389435,0.264214,4.71557
3,car,0.220941,0.220682,0.0752462
17,car,0.201172,0.201172,0
25,car,0.826247,0.692583,0.62003
13,car,0.859043,0.490692,8.85804
22,car,0.256697,0.231742,0.0365307
27,car,0.722678,0.679081,0.132381
24,car,0.716916,0.484303,0.354781
28,car,0.368557,0.368557,0
3,car,0.365414,0.263659,0.450838
25,car,0.518017,0.444379,0.0804271
26,car,0.885283,0.656033,2.33694
13,car,0.276688,0.276688,0
18,car,0.27339,0.225754,2.65371
3,car,0.234696,0.216389,0.694335
1,road_sign,0.60161,0.335068,14.631
29,car,0.83719,0.431522,1.91927
21,car,0.405277,0.253842,9.38905
31,car,0.727474,0.451099,2.25617
21,car,0.209017,0.209017,0
33,bicycle,0.726632,0.360669,1.96798
32,car,0.343399,0.246207,2.81905
3,car,0.356743,0.251014,3.90755
37,bicycle,0.27484,0.24866,0.614528
21,car,0.280617,0.238125,0.743847
36,car,0.489456,0.29917,3.291
34,car,0.560211,0.328827,4.72643
1,road_sign,0.562314,0.377816,4.43204
2,car,0.490583,0.26365,20.4167
0,road_sign,0.696141,0.373013,20.4533
38,car,0.766085,0.511275,2.0468
18,car,0.771697,0.318173,6.98137
41,car,0.762836,0.42494,0.789683
21,car,0.284274,0.227837,0.701026
23,car,0.618719,0.305584,14.6804
32,car,0.24931,0.216304,3.39838
45,car,0.781096,0.572561,0.740131
41,car,0.402019,0.329932,0.0413428
43,car,0.921292,0.673118,2.21396
48,car,0.498101,0.295027,0.370696
46,car,0.59722,0.397651,0.866116
42,car,0.950276,0.76592,3.07954
45,car,0.800249,0.488595,0.872353
46,car,0.408906,0.33847,0.131024
48,car,0.291673,0.253959,0.892089
51,car,0.44866,0.289735,1.17915
47,car,0.929481,0.679232,2.83827
39,car,0.91886,0.482519,6.811
43,car,0.412546,0.296867,1.47572
4,car,0.911018,0.649449,26.3173
57,car,0.640456,0.380773,1.02153
29,car,0.77381,0.301884,10.0147
62,person,0.412611,0.293862,0.369698
39,car,0.220682,0.216726,0.579817
51,car,0.527021,0.294201,1.48805
56,car,0.885283,0.703164,2.98046
53,car,0.912711,0.669064,4.0502
47,car,0.541238,0.35974,1.93112
29,car,0.206542,0.206542,0
64,car,0.260154,0.248461,0.288432
67,car,0.394811,0.262336,0.827728
61,car,0.947053,0.797716,2.71486
54,car,0.565022,0.316069,5.5994
52,car,0.526271,0.289709,5.53598
49,car,0.859224,0.416422,6.71661
60,car,0.58267,0.367132,3.88583
30,car,0.92291,0.613546,16.6024
29,car,0.208272,0.208272,0
64,car,0.47669,0.456924,0.0432179
35,car,0.860673,0.392085,13.7329
54,car,0.289503,0.270535,0.0829887
69,car,0.307767,0.247927,7.289
60,car,0.537129,0.431712,0.320185
1,road_sign,0.539167,0.286323,15.9138
29,car,0.241239,0.232199,0.70499
68,car,0.931812,0.716915,9.25304
64,car,0.630005,0.50696,1.46566
58,car,0.856105,0.454889,13.4878
44,car,0.69252,0.390627,18.1632
2,car,0.913308,0.509551,17.8348
29,car,0.21378,0.21378,0
71,car,0.424989,0.28537,1.5992
59,car,0.734864,0.482286,13.8942
44,car,0.433462,0.319725,0.0932299
73,person,0.256345,0.24443,0.134655
35,car,0.578643,0.327457,2.74799
2,car,0.220166,0.220166,0
29,car,0.212518,0.212518,0
60,car,0.522521,0.262428,1.77847
65,car,0.925334,0.659196,12.7428
63,car,0.896811,0.496556,13.1123
30,car,0.488704,0.252623,4.55317
74,person,0.521506,0.353628,0.410542
72,car,0.933045,0.723051,3.08374
58,car,0.923759,0.696455,3.11871
63,car,0.236592,0.236592,0
76,car,0.456483,0.431243,0.0397117
71,car,0.257271,0.219772,3.14724
66,car,0.606228,0.24023,15.4584
73,person,0.508275,0.337826,2.59749
50,car,0.705177,0.374794,21.4164
69,car,0.865122,0.524207,6.40388
77,person,0.48593,0.345866,1.1554
81,car,0.447172,0.447172,0
6,car,0.916818,0.757717,46.4867
83,car,0.301398,0.261606,0.446657
82,car,0.716306,0.557718,0.322654
66,car,0.560581,0.290558,1.92016
80,person,0.568543,0.360902,1.50826
70,road_sign,0.584677,0.311872,9.14215
76,car,0.286113,0.243744,1.3523
47,car,0.840242,0.34577,9.79955
78,car,0.431617,0.341995,2.33561
84,car,0.717526,0.487447,0.532027
59,car,0.678255,0.507735,6.03045
67,car,0.860673,0.4431,17.3535
82,car,0.431985,0.352651,0.540618
40,car,0.793925,0.509971,36.1707
83,car,0.27339,0.27339,0
6,car,0.454618,0.318274,1.15201
78,car,0.237135,0.225915,0.899651
67,car,0.208768,0.208768,0
86,car,0.532265,0.262367,1.51383
82,car,0.41291,0.281001,0.462044
88,car,0.262477,0.233127,1.11342
69,car,0.839433,0.607225,10.5226
66,car,0.718744,0.527324,3.85661
86,car,0.288885,0.244788,0.892555
0,road_sign,0.590346,0.334325,38.008
85,road_sign,0.574833,0.36184,4.78529
93,car,0.232274,0.232274,0
86,car,0.401296,0.273694,0.286664
90,car,0.890521,0.667306,2.25466
89,car,0.920085,0.624698,2.54154
92,car,0.914493,0.726931,2.17983
79,car,0.797348,0.338659,17.0396
94,car,0.889194,0.546309,1.84526
99,car,0.540118,0.419147,0.164737
89,car,0.321054,0.264935,0.12416
86,car,0.213527,0.213527,0
75,car,0.565022,0.268962,19.4412
91,car,0.939583,0.774164,3.52543
70,road_sign,0.548663,0.295948,9.14127
0,road_sign,0.359208,0.261633,2.70586
91,car,0.747269,0.511528,0.0398664
92,car,0.589601,0.46667,0.0408701
94,car,0.55984,0.54418,0.0406882
102,car,0.470317,0.314849,0.860794
79,car,0.638723,0.441637,1.10745
100,car,0.719047,0.378826,1.39591
97,car,0.926773,0.750632,2.91264
96,car,0.721773,0.38042,2.86021
98,car,0.845225,0.505955,2.17236
87,car,0.824078,0.472532,9.13718
94,car,0.268342,0.235241,0.0410111
49,car,0.761473,0.419102,35.2615
101,car,0.928986,0.694031,9.26582
105,car,0.916357,0.784267,0.737492
89,car,0.255837,0.225382,1.02508
59,car,0.823642,0.370313,18.4454
104,car,0.663314,0.408813,1.35954
97,car,0.327315,0.327315,0
99,car,0.923653,0.662219,9.26305
92,car,0.656565,0.344505,1.27241
103,car,0.851986,0.608176,8.57118
91,car,0.51614,0.395813,0.041383
109,car,0.236864,0.216533,0.286992
30,car,0.834091,0.508896,30.4119
107,car,0.835337,0.609603,1.5166
111,car,0.488704,0.381929,0.48954
108,car,0.919419,0.757188,1.43284
103,car,0.714469,0.631163,0.0826088
102,car,0.565391,0.345693,2.70393
110,car,0.606228,0.438669,0.857315
106,car,0.925438,0.737468,3.40787
105,car,0.507874,0.322837,0.940453
91,car,0.234966,0.223993,0.8547
112,car,0.807129,0.557651,2.46792
111,car,0.354331,0.251166,1.1464
94,car,0.549441,0.299638,4.34407
95,car,0.941682,0.640049,16.2354
116,bicycle,0.56837,0.334503,0.280888
66,car,0.868423,0.693125,18.7372
113,car,0.815189,0.512557,3.36221
117,car,0.35124,0.253996,0.194851
111,car,0.277592,0.254699,0.164701
114,car,0.849694,0.630633,2.92306
59,car,0.668998,0.345187,4.05923
122,car,0.441233,0.318487,0.20556
66,car,0.214792,0.214792,0
115,car,0.699202,0.379713,3.27411
111,car,0.249028,0.249028,0
125,car,0.249028,0.234081,0.0846601
124,car,0.840847,0.602648,1.10321
120,car,0.840645,0.624807,1.8454
111,car,0.339679,0.297219,0.205407
123,car,0.892124,0.626389,2.57966
121,car,0.567976,0.373743,2.3786
118,car,0.657582,0.391364,3.44242
110,car,0.561692,0.323284,4.95514
96,car,0.678255,0.323317,9.24082
66,car,0.380534,0.272474,1.06909
95,car,0.773547,0.488779,3.36049
55,car,0.840847,0.61361,56.4611
40,car,0.771697,0.432497,24.8906
117,car,0.48645,0.33225,1.52172
120,car,0.650778,0.412676,0.0526608
126,car,0.892414,0.641345,8.15811
127,car,0.620137,0.391465,7.28325
124,car,0.308408,0.278277,0.082816
110,car,0.207776,0.207776,0
123,car,0.498852,0.422637,0.206036
120,car,0.22511,0.22511,0
40,car,0.754858,0.473556,1.92825
96,car,0.704865,0.403665,1.88736
95,car,0.686727,0.412202,2.09067
55,car,0.785941,0.452463,1.21764
128,car,0.786194,0.533112,1.59966
110,car,0.229869,0.226053,0.0819218
121,car,0.65961,0.426354,1.64227
127,car,0.295103,0.262318,0.451501
118,car,0.733396,0.410858,2.74711
130,car,0.562803,0.297241,2.25633
30,car,0.654868,0.373644,16.7686
119,car,0.91295,0.551733,13.4134
95,car,0.225899,0.225899,0
96,car,0.276688,0.269001,0.0487033
129,car,0.769303,0.500587,2.6761
100,car,0.930753,0.525307,20.4288
128,car,0.402742,0.282693,0.120295
135,car,0.794171,0.445968,1.6009
133,car,0.876129,0.56583,2.78581
110,car,0.221459,0.221459,0
40,car,0.256123,0.230672,0.496219
131,car,0.917276,0.639958,3.12185
119,car,0.368907,0.27547,0.295302
130,car,0.711082,0.488243,0.979835
66,car,0.867561,0.455553,5.08191
129,car,0.43457,0.28674,0.153423
96,car,0.903692,0.750125,1.06719
55,car,0.572398,0.379175,1.60013
136,car,0.515764,0.325297,2.95534
134,car,0.88665,0.53506,4.14015
141,car,0.565391,0.410586,1.05485
118,car,0.881728,0.589215,2.79429
79,car,0.821668,0.450562,23.8447
129,car,0.681854,0.449963,0.196724
119,car,0.657243,0.38401,1.03327
142,car,0.932099,0.737311,1.63832
131,car,0.784673,0.649384,1.88664
66,car,0.411089,0.347934,0.790611
55,car,0.48908,0.340155,0.174869
40,car,0.406002,0.309282,2.15698
145,car,0.869109,0.706997,1.31848
75,car,0.892558,0.47884,24.9286
118,car,0.513135,0.394478,0.0815018
130,car,0.738365,0.497983,1.61234
96,car,0.85629,0.524192,1.29397
132,car,0.341368,0.249581,6.88625
143,car,0.874818,0.542888,2.29612
142,car,0.327646,0.327646,0
146,car,0.80383,0.587207,0.329613
131,car,0.345437,0.327083,0.0498468
119,car,0.868423,0.53159,0.494642
140,car,0.872327,0.441381,3.44587
139,car,0.893421,0.45087,4.23552
66,car,0.260734,0.233315,0.124725
147,car,0.779291,0.571107,0.742616
40,car,0.389435,0.306006,0.244517
110,car,0.699518,0.371156,3.16509
150,car,0.281225,0.260091,0.0729882
110,car,0.251001,0.233532,0.0411227
139,car,0.226689,0.226689,0
66,car,0.748403,0.637635,0.20559
151,road_sign,0.415657,0.338778,0.612939
131,car,0.222757,0.222757,0
143,car,0.753743,0.596124,0.20517
130,car,0.300133,0.273275,0.0823467
75,car,0.327315,0.327315,0
142,car,0.220682,0.220682,0
55,car,0.619783,0.430545,0.313875
119,car,0.290742,0.246927,0.0816476
148,car,0.835543,0.598999,1.38895
118,car,0.318112,0.318112,0
87,car,0.89527,0.583615,26.9773
79,car,0.538624,0.309121,1.31994
137,car,0.901847,0.559169,6.18983
146,car,0.564282,0.402729,0.296649
117,car,0.938985,0.570574,8.94527
110,car,0.249028,0.249028,0
150,car,0.358816,0.352126,0.0380496
40,car,0.784165,0.663112,7.17198
75,car,0.580109,0.536849,0.0547413
140,car,0.793925,0.533127,7.64556
142,car,0.287035,0.287035,0
131,car,0.254123,0.254123,0
118,car,0.557245,0.450061,0.0707021
55,car,0.706738,0.468758,0.249082
153,car,0.615877,0.425456,0.12269
144,car,0.90704,0.389089,11.4419
119,car,0.226953,0.215643,0.082344
137,car,0.599749,0.388909,0.204982
139,car,0.366809,0.248404,0.944142
152,car,0.755969,0.449254,0.774455
79,car,0.290122,0.280416,0.123467
148,car,0.670992,0.539116,0.16401
138,car,0.937769,0.64352,14.0236
87,car,0.833675,0.576298,0.419673
140,car,0.39015,0.39015,0
66,car,0.805955,0.530247,0.27775
150,car,0.749251,0.749251,0
40,car,0.611243,0.533676,0.0405779
110,car,0.626845,0.422843,0.195222
75,car,0.478566,0.478566,0
142,car,0.209266,0.209266,0
149,car,0.931429,0.739285,10.7012
154,car,0.802403,0.45154,1.9679
147,car,0.910896,0.649081,10.2437
155,car,0.46807,0.316268,1.97077
142,car,0.305848,0.263572,0.160783
146,car,0.933701,0.668994,3.20055
156,car,0.336987,0.282234,0.0363566
160,car,0.291673,0.291673,0
155,car,0.243725,0.232721,0.0437868
160,car,0.236864,0.236864,0
163,car,0.790957,0.441773,0.542783
166,car,0.684783,0.684783,0
164,car,0.434201,0.312431,0.61375
155,car,0.499604,0.310907,0.731251
165,car,0.511632,0.370422,0.0838718
161,car,0.895833,0.61807,0.848979
167,car,0.924919,0.724307,0.899632
160,car,0.26452,0.241482,0.437971
159,car,0.69603,0.354473,3.23753
151,road_sign,0.659006,0.410388,8.52783
158,car,0.40927,0.309225,3.73122
158,car,0.231738,0.219263,0.0423829
160,car,0.441233,0.304361,0.495608
168,car,0.324013,0.243276,1.02121
162,car,0.875639,0.65951,2.9432
157,road_sign,0.656132,0.314665,5.08339
158,car,0.218877,0.218877,0
172,car,0.231203,0.219119,0.0409287
171,car,0.3033,0.255044,0.162188
5,car,0.615877,0.425456,0.0108718
2,car,0.755969,0.432431,0.148023
0,car,0.550929,0.311951,0.272753
3,car,0.89385,0.686239,0.486239
10,car,0.805955,0.571573,0.246425
12,car,0.39553,0.39553,0
13,car,0.478566,0.478566,0
1,car,0.342044,0.275655,0.846373
4,car,0.888897,0.687253,1.37936
9,car,0.802403,0.45154,1.97787
6,car,0.910896,0.689038,2.31234
11,car,0.46807,0.316268,1.98375
1,car,0.305848,0.263572,0.158381
8,car,0.933701,0.675099,2.90384
14,car,0.336987,0.282234,0.0414899
18,car,0.291673,0.291673,0
11,car,0.243725,0.232721,0.0376815
18,car,0.236864,0.236864,0
21,car,0.790957,0.441773,0.532906
24,car,0.684783,0.684783,0
22,car,0.434201,0.312431,0.614496
11,car,0.499604,0.310907,0.738156
23,car,0.511632,0.370422,0.0818255
19,car,0.895833,0.61807,0.861122
25,car,0.924919,0.724307,0.901305
18,car,0.26452,0.241482,0.450223
17,car,0.69603,0.354473,3.23627
7,road_sign,0.659006,0.412725,8.15546
16,car,0.40927,0.309225,3.72347
20,car,0.875639,0.65951,2.95025
18,car,0.441233,0.304361,0.490643
16,car,0.231738,0.219135,0.292541
30,car,0.231203,0.219119,0.0394811
29,car,0.3033,0.255044,0.157629
16,car,0.320728,0.257009,0.813044
32,road_sign,0.4829,0.311922,0.95085
18,car,0.297926,0.239102,0.839104
7,road_sign,0.609737,0.429342,2.343
40,person,0.416897,0.336726,0.0489842
15,road_sign,0.656132,0.342836,8.61815
37,car,0.630706,0.48305,0.492804
34,car,0.485323,0.34329,0.901897
35,person,0.431182,0.289517,1.14315
29,car,0.564652,0.312355,2.3935
40,person,0.476012,0.31736,0.653668
30,car,0.746132,0.34768,2.86127
44,car,0.323025,0.238356,0.20575
42,person,0.514893,0.394296,0.656627
29,car,0.632805,0.489116,0.408819
41,car,0.908425,0.693087,3.07508
33,car,0.771167,0.372301,5.4128
14,car,0.943311,0.735976,11.7257
26,car,0.943791,0.688078,10.1303
47,bicycle,0.500587,0.335173,0.780345
46,car,0.836574,0.562765,3.89156
45,car,0.948762,0.783031,4.38453
36,car,0.574972,0.362274,8.44265
50,person,0.590591,0.343189,2.13045
49,car,0.917161,0.734921,3.08476
46,car,0.310335,0.27238,0.040752
48,person,0.533335,0.342176,3.94973
29,car,0.943069,0.717193,4.76119
58,car,0.37841,0.291371,0.0502153
56,car,0.423887,0.296987,1.26985
52,car,0.862824,0.617614,2.41715
36,car,0.291052,0.236883,0.974402
56,car,0.248185,0.243007,0.0812059
58,car,0.24014,0.24014,0
49,car,0.691238,0.459056,1.10846
53,road_sign,0.40434,0.242112,3.07379
51,car,0.917958,0.700995,4.67261
57,car,0.825382,0.591417,2.33615
54,person,0.572059,0.324463,3.51682
65,car,0.337995,0.260756,0.244446
57,car,0.210762,0.210762,0
55,car,0.463954,0.261819,4.09698
49,car,0.217851,0.217851,0
51,car,0.3204,0.287975,0.0679858
61,car,0.901047,0.576094,2.40344
56,car,0.285192,0.258733,0.353088
63,person,0.479867,0.299559,1.64598
60,car,0.943069,0.665814,2.70874
64,person,0.510206,0.325151,1.86235
68,car,0.84165,0.60688,1.68913
55,car,0.246786,0.224865,0.198968
57,car,0.67265,0.586096,0.163227
56,car,0.227746,0.227746,0
59,car,0.914611,0.628201,3.77463
49,car,0.336987,0.258352,0.258111
51,car,0.284274,0.284274,0
79,car,0.323354,0.262626,0.0399221
74,car,0.784165,0.554906,2.99058
75,car,0.662306,0.417148,2.45153
76,car,0.91295,0.680379,2.58226
70,car,0.615166,0.292483,5.98876
37,car,0.871149,0.542347,16.3598
78,car,0.516891,0.275661,2.46421
79,car,0.310657,0.26554,0.787593
83,car,0.368207,0.263288,0.237773
82,car,0.453127,0.310788,1.98541
43,car,0.86211,0.423493,18.9734
27,car,0.882819,0.570971,26.2022
84,car,0.616589,0.367454,1.84513
80,car,0.884977,0.700635,3.65362
82,car,0.388005,0.328562,0.154859
86,car,0.51351,0.414827,0.12503
71,car,0.914962,0.590352,11.7093
85,car,0.925954,0.558282,2.6636
43,car,0.236864,0.218697,0.852076
62,car,0.839636,0.56359,13.6955
84,car,0.234696,0.217417,0.573717
89,car,0.590328,0.39315,0.0822511
81,car,0.865297,0.56788,6.19262
43,car,0.356053,0.276792,0.122448
66,car,0.828609,0.589204,14.6777
46,car,0.908174,0.523915,16.1148
62,car,0.684133,0.394558,0.336666
85,car,0.313239,0.231282,0.442429
90,car,0.906405,0.662061,1.93496
28,car,0.865297,0.480989,31.1185
43,car,0.261314,0.236452,0.847349
84,car,0.287035,0.241926,2.08895
28,car,0.24179,0.24179,0
77,car,0.842251,0.548036,13.0372
28,car,0.230935,0.221853,0.82262
88,car,0.563173,0.336286,6.83847
31,car,0.871149,0.596082,33.7858
96,car,0.223279,0.223279,0
92,car,0.770636,0.493886,1.69732
90,car,0.52852,0.313204,2.22114
28,car,0.205067,0.205067,0.0408213
95,car,0.793679,0.489729,1.9655
93,car,0.89792,0.662682,3.19536
97,car,0.85758,0.638802,1.75817
92,car,0.597582,0.354701,0.327244
90,car,0.219134,0.218365,0.698377
96,car,0.614097,0.428817,1.47591
27,car,0.83862,0.514838,12.3304
95,car,0.334974,0.293903,0.164175
101,car,0.501484,0.320753,0.852182
99,car,0.772227,0.414501,2.54936
66,car,0.872829,0.549303,8.31976
87,car,0.88078,0.594115,13.1608
102,car,0.216063,0.213482,1.48212
100,car,0.822108,0.455293,2.5426
98,car,0.940181,0.631286,5.16186
103,car,0.928389,0.748089,2.6603
106,car,0.779032,0.518982,1.92742
46,car,0.835129,0.601727,11.1516
107,car,0.769837,0.491756,1.64033
109,car,0.733101,0.498236,0.411077
103,car,0.201414,0.201414,0
111,car,0.571661,0.353737,0.164562
107,car,0.436418,0.436418,0
108,car,0.776433,0.552506,1.65317
104,car,0.827323,0.496338,4.50589
109,car,0.272793,0.245453,0.080214
110,car,0.844239,0.520141,1.84284
113,car,0.828822,0.492112,1.62939
108,car,0.37735,0.37735,0
115,car,0.381243,0.288757,0.728685
105,car,0.946598,0.712084,5.45624
114,car,0.930946,0.672707,1.72048
107,car,0.204822,0.204455,0.57519
116,car,0.811537,0.459617,1.35076
108,car,0.270413,0.25391,0.0416137
119,car,0.566869,0.393388,0.0434133
46,car,0.701726,0.39102,3.34483
115,car,0.209017,0.209017,0
105,car,0.22801,0.210437,0.903204
118,car,0.557987,0.311902,2.04939
107,car,0.385865,0.377912,0.122451
121,car,0.336987,0.283663,0.245537
122,car,0.357088,0.312078,0.205647
46,car,0.275786,0.274141,0.082797
117,car,0.91307,0.762289,2.82865
120,car,0.865473,0.673453,1.39506
108,car,0.2212,0.2212,0
119,car,0.684458,0.384262,0.778496
107,car,0.225899,0.217412,0.0825387
123,car,0.883439,0.605532,1.55565
105,car,0.205803,0.203969,0.369237
38,car,0.906533,0.507883,46.2855
73,car,0.875803,0.57831,33.6941
126,car,0.87098,0.578751,1.23294
128,car,0.749534,0.512729,1.19042
117,car,0.268342,0.260321,1.06572
119,car,0.692199,0.519825,0.532798
38,car,0.350212,0.350212,0
88,car,0.924186,0.430141,14.8428
125,car,0.904602,0.696558,3.09242
46,car,0.710773,0.388366,2.0942
131,car,0.721169,0.608724,1.47175
73,car,0.794908,0.552116,0.450235
105,car,0.21378,0.208812,0.0819253
133,car,0.848538,0.682906,0.910535
136,car,0.685431,0.467463,0.155081
128,car,0.739815,0.473799,0.326707
31,car,0.847376,0.569336,15.9132
38,car,0.772227,0.586039,0.0408963
117,car,0.302983,0.277984,0.0407235
119,car,0.505619,0.303411,0.123177
113,car,0.877104,0.545523,5.94751
66,car,0.869109,0.595255,11.8093
88,car,0.506747,0.506747,0
46,car,0.272793,0.266184,0.202916
130,car,0.864242,0.562621,3.77327
141,car,0.770103,0.534933,0.778521
125,car,0.260734,0.260734,0
145,car,0.53264,0.383997,0.363882
142,car,0.400574,0.308682,0.615776
69,car,0.840242,0.461127,38.3369
67,car,0.853682,0.528119,38.7795
135,car,0.608739,0.351683,2.78794
144,car,0.460963,0.373838,0.658145
126,car,0.822327,0.503154,2.62518
143,car,0.883903,0.655801,0.780764
72,car,0.865823,0.518036,37.7972
66,car,0.796131,0.470079,0.202111
146,car,0.456856,0.345577,0.548329
133,car,0.517266,0.439499,0.244417
149,car,0.325992,0.325992,0
128,car,0.525521,0.438552,0.054687
46,car,0.887553,0.677032,0.128137
150,car,0.311947,0.251733,0.0924003
129,car,0.875311,0.52534,5.17788
130,car,0.443829,0.345702,0.204119
88,car,0.726877,0.575,0.697168
131,car,0.710155,0.500201,1.48652
152,car,0.396969,0.335702,0.109165
134,car,0.884364,0.49816,4.188
127,car,0.84245,0.489958,6.68938
133,car,0.295729,0.282183,0.039862
154,car,0.827323,0.622782,0.573606
129,car,0.538624,0.403499,0.328752
151,car,0.847764,0.577719,2.25568
138,car,0.859769,0.533542,5.08497
153,car,0.449032,0.302025,1.64059
155,car,0.857764,0.676168,0.983718
133,car,0.422419,0.323896,0.0506608
158,car,0.892846,0.700625,0.506159
129,car,0.890668,0.690638,0.402359
138,car,0.844831,0.699397,0.572591
162,car,0.658935,0.545849,0.124896
112,car,0.466947,0.266422,16.644
161,car,0.429036,0.279777,0.687935
107,car,0.834299,0.395204,9.06455
87,car,0.864594,0.525731,18.9855
139,car,0.847764,0.430297,8.19974
157,car,0.825815,0.660738,3.35885
156,car,0.879513,0.566372,3.48209
91,car,0.842051,0.469571,26.8432
37,car,0.837395,0.386731,38.0475
140,car,0.569082,0.334355,8.69123
139,car,0.609455,0.355797,0.247493
132,car,0.529644,0.291394,11.1954
87,car,0.4442,0.312703,0.369143
107,car,0.402019,0.266886,0.368611
147,car,0.779032,0.370206,8.56686
37,car,0.348504,0.348504,0
156,car,0.273689,0.264611,0.532661
91,car,0.460216,0.294212,0.49055
147,car,0.415464,0.309167,0.243988
166,road_sign,0.237628,0.215992,0.245379
87,car,0.749534,0.474117,0.286822
132,car,0.514262,0.404927,0.492076
139,car,0.69603,0.382877,0.616105
163,car,0.72807,0.362891,3.15712
159,car,0.795642,0.389857,6.02219
153,car,0.490959,0.280836,5.08291
39,car,0.93733,0.629452,67.4408
137,car,0.888302,0.625549,19.354
157,car,0.920085,0.720913,10.4156
168,car,0.325992,0.25769,0.778766
160,car,0.911261,0.631363,13.4059
137,car,0.76743,0.76743,0
148,car,0.553532,0.313783,18.779
132,car,0.530018,0.375695,2.56068
107,car,0.908174,0.687686,10.1744
160,car,0.355708,0.294125,0.0328641
165,road_sign,0.587256,0.381375,12.9968
165,road_sign,0.377012,0.343723,0.613085
170,car,0.601913,0.367447,2.09037
169,car,0.552045,0.273175,3.97604
148,car,0.555389,0.310778,6.43852
167,car,0.563543,0.315995,9.91883
166,road_sign,0.547609,0.343484,10.0024
140,car,0.604432,0.365647,18.3247
170,car,0.201414,0.201414,0
169,car,0.230669,0.219718,0.163825
171,car,0.723581,0.493799,8.57005
173,car,0.406727,0.345664,0.167838
175,car,0.229869,0.222584,0.0430225
140,car,0.503364,0.280582,3.01578
178,car,0.284886,0.284886,0
148,car,0.536755,0.307114,3.36265
172,car,0.924919,0.671224,10.6698
177,person,0.374181,0.315748,0.698278
175,car,0.223279,0.223279,0
174,car,0.679238,0.427653,3.19679
176,person,0.667391,0.379413,1.27051
167,car,0.424255,0.292496,4.81832
187,car,0.263351,0.235316,0.0817498
175,car,0.262768,0.219683,1.35198
179,car,0.903953,0.555211,3.40089
186,car,0.833675,0.597903,0.983692
189,car,0.873993,0.802732,0.122082
182,car,0.85387,0.489891,2.26944
184,car,0.754301,0.394037,1.96814
190,person,0.32651,0.274603,0.327909
167,car,0.548696,0.320862,2.78997
183,car,0.901581,0.609024,2.99308
179,car,0.331633,0.270159,0.860665
180,car,0.916357,0.634989,5.16706
192,car,0.583767,0.560261,0.0429393
175,car,0.213022,0.207928,0.533452
188,car,0.46807,0.268712,3.03451
185,car,0.886952,0.602095,3.36403
174,car,0.519143,0.27983,3.69343
140,car,0.734864,0.363568,5.90462
191,car,0.379826,0.3294,0.0801908
124,car,0.893421,0.674906,49.8155
140,car,0.228805,0.228805,0
188,car,0.260734,0.260734,0.050898
167,car,0.839433,0.547858,7.33238
166,road_sign,0.633737,0.376336,17.5307
193,bicycle,0.564057,0.347778,7.66768
85,car,0.926875,0.689799,73.349
132,car,0.893564,0.43017,30.9977
192,car,0.311947,0.270536,0.657067
195,bicycle,0.410389,0.31559,0.329052
197,car,0.46807,0.322884,0.357506
194,car,0.579009,0.428341,0.811155
185,car,0.851032,0.431293,1.54732
148,car,0.927787,0.637691,14.1461
167,car,0.602993,0.474189,0.163491
140,car,0.283968,0.255704,0.203785
175,car,0.205312,0.203533,2.00856
199,bicycle,0.305993,0.240925,0.450382
174,car,0.923123,0.665905,2.82649
148,car,0.249028,0.241997,0.0411575
191,car,0.505619,0.246451,3.19777
164,road_sign,0.652283,0.440035,46.9452
197,car,0.261314,0.234917,0.740479
175,car,0.206788,0.205438,0.122078
201,car,0.903561,0.772108,0.778576
197,car,0.247065,0.223227,0.327441
203,car,0.885588,0.774135,0.409719
202,car,0.594323,0.27065,0.700091
121,car,0.605869,0.307174,62.4919
202,car,0.207776,0.207776,0
205,car,0.534137,0.365802,1.19251
205,car,0.608739,0.533302,0.409456
206,car,0.329637,0.240648,1.06483
164,road_sign,0.330395,0.244581,4.66006
200,car,0.929973,0.664051,5.98363
94,car,0.913665,0.743434,80.6878
204,car,0.652143,0.457073,29.3153
198,car,0.919308,0.684592,33.8745
206,car,0.265986,0.229899,0.224896
94,car,0.602273,0.407875,1.03751
181,car,0.935449,0.818826,48.8823
209,car,0.843247,0.638089,0.328118
204,car,0.245113,0.223142,0.247336
206,car,0.291052,0.249262,0.984044
206,car,0.400935,0.284623,0.401214
212,car,0.893993,0.670034,3.19891
206,car,0.201414,0.201414,0
164,road_sign,0.567541,0.323928,5.75186
206,car,0.240689,0.229142,0.0399558
230,car,0.289503,0.253038,0.0408276
226,car,0.282747,0.25759,0.645617
212,car,0.40709,0.281017,0.576898
222,car,0.928588,0.59525,2.58332
215,car,0.929874,0.721708,4.22407
229,car,0.864594,0.597018,0.943369
227,car,0.768234,0.584532,1.31519
212,car,0.22854,0.22854,0
226,car,0.301714,0.238266,0.270475
214,car,0.733101,0.414189,5.54433
0,car,0.686727,0.61037,0.0438392
2,car,0.8376,0.611293,0.893797
15,car,0.263643,0.230494,0.393514
7,car,0.523271,0.363016,0.935897
3,car,0.941186,0.810521,2.17091
6,car,0.943951,0.798192,2.27711
20,car,0.425357,0.362564,0.295891
4,car,0.94315,0.795689,2.97773
10,car,0.941351,0.782923,2.80527
8,car,0.960886,0.763634,3.25019
12,car,0.937769,0.770343,3.1501
18,car,0.933794,0.786492,2.30901
14,car,0.919308,0.747884,3.24505
11,car,0.330967,0.250375,3.70901
16,car,0.945289,0.742013,3.59454
17,car,0.932857,0.793882,2.87276
19,car,0.957163,0.794976,2.55483
33,car,0.66365,0.399205,0.127074
30,car,0.881257,0.597895,0.337835
40,car,0.87759,0.729169,0.0787637
22,car,0.958079,0.807551,2.0862
42,car,0.654868,0.583775,0.114582
45,car,0.757629,0.632868,0.137191
47,car,0.761746,0.633649,0.182108
23,car,0.965212,0.800749,2.51936
37,car,0.946445,0.811266,0.758527
21,car,0.937241,0.788113,3.23813
32,car,0.901047,0.70693,1.1819
50,car,0.783145,0.664848,0.190765
46,car,0.925748,0.772927,0.919209
41,car,0.964549,0.817485,1.23666
43,car,0.909296,0.781506,1.42463
26,car,0.962489,0.791532,3.02191
29,car,0.971794,0.830893,2.49099
53,car,0.971876,0.907565,0.890878
27,car,0.95236,0.819337,2.93019
25,car,0.935721,0.761433,3.57868
28,car,0.942664,0.827665,2.98295
63,car,0.805955,0.782343,0.0255123
58,car,0.856475,0.758713,0.682653
1,person,0.887116,0.518931,8.01833
24,car,0.953906,0.757835,4.01747
36,car,0.883439,0.649397,2.51935
9,person,0.860159,0.610431,7.18109
62,car,0.948542,0.917499,0.499081
54,car,0.767966,0.701155,1.3835
44,car,0.964958,0.855011,2.40576
61,car,0.967083,0.907511,1.11157
48,car,0.97328,0.870141,2.30618
70,car,0.920526,0.904652,0.161436
67,car,0.865823,0.816882,0.408611
38,car,0.956101,0.828587,3.44319
75,car,0.792939,0.734562,0.0848755
73,car,0.850077,0.805289,0.504869
52,car,0.972686,0.873984,2.91828
51,car,0.933139,0.808299,3.02813
64,car,0.944347,0.849867,2.13552
56,car,0.966209,0.875545,3.27887
59,car,0.9677,0.861342,3.27341
68,car,0.919642,0.785452,2.16657
60,car,0.96083,0.878311,3.30114
80,car,0.835543,0.824685,0.0152695
79,car,0.89929,0.768861,0.483521
78,car,0.901714,0.780747,0.489858
77,car,0.942745,0.879747,0.829669
76,car,0.892846,0.814312,0.908625
74,car,0.976412,0.902641,1.4861
71,car,0.965313,0.929754,1.71303
69,car,0.967178,0.893028,2.17331
66,car,0.956915,0.876584,2.49565
65,car,0.955848,0.839495,2.51235
57,car,0.96826,0.907075,3.48061
55,car,0.968991,0.882233,3.71199
49,car,0.97096,0.891183,4.16399
72,car,0.96066,0.893361,1.58354
13,car,0.925231,0.699358,9.48901
5,car,0.958977,0.789705,9.87656
34,car,0.960773,0.815991,5.17435
31,car,0.910773,0.780677,5.22173
35,car,0.972244,0.927954,5.16759
39,car,0.972365,0.871054,5.06449
81,car,0.879035,0.746513,0.459438
83,car,0.8376,0.611293,0.967894
88,car,0.523271,0.363016,0.988152
96,car,0.263643,0.230494,0.39722
84,car,0.941186,0.810521,2.19994
87,car,0.943951,0.798192,2.29534
101,car,0.425357,0.362564,0.306154
85,car,0.94315,0.795689,3.03209
91,car,0.941351,0.782923,2.829
93,car,0.937769,0.770343,3.14748
89,car,0.960886,0.763634,3.27243
99,car,0.933794,0.786492,2.28507
95,car,0.919308,0.747884,3.24269
92,car,0.330967,0.250375,3.70283
97,car,0.945289,0.742013,3.58867
98,car,0.932857,0.793882,2.87256
100,car,0.957163,0.794976,2.57884
114,car,0.66365,0.399205,0.140304
111,car,0.881257,0.597895,0.34137
121,car,0.87759,0.729169,0.161683
103,car,0.958079,0.807551,2.25374
123,car,0.654868,0.583775,0.182705
126,car,0.757629,0.632868,0.184515
128,car,0.761746,0.633649,0.218699
118,car,0.946445,0.811266,1.09949
104,car,0.965212,0.800749,2.83873
102,car,0.937241,0.788113,3.58422
113,car,0.901047,0.70693,1.5264
131,car,0.783145,0.664848,0.173613
127,car,0.925748,0.772927,0.901859
122,car,0.964549,0.817485,1.3789
124,car,0.909296,0.781506,1.50306
107,car,0.962489,0.791532,3.31971
110,car,0.971794,0.830893,2.7766
134,car,0.971876,0.907565,0.871173
108,car,0.95236,0.819337,3.21305
106,car,0.935721,0.761433,3.84834
109,car,0.942664,0.827665,3.26099
144,car,0.805955,0.782343,0.0141886
139,car,0.856475,0.758713,0.644433
82,person,0.887116,0.518931,8.64434
105,car,0.953906,0.757835,4.29929
117,car,0.883439,0.649397,2.75794
90,person,0.860159,0.610431,7.50638
143,car,0.948542,0.917499,0.463581
135,car,0.767966,0.701155,1.36497
125,car,0.964958,0.855011,2.43401
142,car,0.967083,0.907511,1.08393
129,car,0.97328,0.870141,2.27753
151,car,0.920526,0.904652,0.174349
148,car,0.865823,0.816882,0.412421
119,car,0.956101,0.828587,3.66745
156,car,0.792939,0.734562,0.0868554
154,car,0.850077,0.805289,0.497292
133,car,0.972686,0.873984,2.85465
132,car,0.933139,0.808299,2.97879
145,car,0.944347,0.849867,2.13438
137,car,0.966209,0.875545,3.24948
140,car,0.9677,0.861342,3.25537
149,car,0.919642,0.785452,2.17769
141,car,0.96083,0.878311,3.28676
161,car,0.835543,0.824685,0.00448368
160,car,0.89929,0.768861,0.485714
159,car,0.901714,0.780747,0.493089
158,car,0.942745,0.879747,0.822895
157,car,0.892846,0.814312,0.902505
155,car,0.976412,0.902641,1.48497
152,car,0.965313,0.929754,1.70777
150,car,0.967178,0.893028,2.16768
147,car,0.956915,0.876584,2.48485
146,car,0.955848,0.839495,2.50224
138,car,0.96826,0.907075,3.46589
136,car,0.968991,0.882233,3.69372
130,car,0.97096,0.891183,4.07809
116,car,0.972244,0.927954,5.42156
115,car,0.960773,0.815991,5.43716
112,car,0.910773,0.780677,5.48658
153,car,0.96066,0.893361,1.55745
94,car,0.925231,0.699358,9.73783
86,car,0.958977,0.789705,10.177
120,car,0.972365,0.871054,5.2669
162,car,0.879035,0.746513,0.482793
164,car,0.8376,0.611293,0.931208
169,car,0.523271,0.363016,0.966974
177,car,0.263643,0.230494,0.399152
165,car,0.941186,0.810521,2.17165
168,car,0.943951,0.798192,2.27597
182,car,0.425357,0.362564,0.315408
166,car,0.94315,0.795689,2.99296
172,car,0.941351,0.782923,2.80068
170,car,0.960886,0.763634,3.25626
174,car,0.937769,0.770343,3.15544
180,car,0.933794,0.786492,2.29767
176,car,0.919308,0.747884,3.25987
173,car,0.330967,0.250375,3.72946
178,car,0.945289,0.742013,3.61337
179,car,0.932857,0.793882,2.88749
181,car,0.957163,0.794976,2.61984
195,car,0.66365,0.399205,0.163011
192,car,0.881257,0.597895,0.365179
202,car,0.87759,0.729169,0.0927135
184,car,0.958079,0.807551,2.19662
204,car,0.654868,0.583775,0.127156
207,car,0.757629,0.632868,0.125378
209,car,0.761746,0.633649,0.186444
199,car,0.946445,0.811266,0.783971
185,car,0.965212,0.800749,2.58498
183,car,0.937241,0.788113,3.31892
194,car,0.901047,0.70693,1.20948
212,car,0.783145,0.664848,0.154335
208,car,0.925748,0.772927,0.827746
203,car,0.964549,0.817485,1.16463
205,car,0.909296,0.781506,1.37469
188,car,0.962489,0.791532,3.02328
191,car,0.971794,0.830893,2.50559
215,car,0.971876,0.907565,0.882416
189,car,0.95236,0.819337,2.92671
187,car,0.935721,0.761433,3.57784
190,car,0.942664,0.827665,2.96039
225,car,0.805955,0.782343,0.0219179
220,car,0.856475,0.758713,0.654554
163,person,0.887116,0.518931,8.31785
186,car,0.953906,0.757835,4.0182
198,car,0.883439,0.649397,2.42035
171,person,0.860159,0.610431,7.21032
224,car,0.948542,0.917499,0.482036
216,car,0.767966,0.701155,1.36022
206,car,0.964958,0.855011,2.29482
223,car,0.967083,0.907511,1.08286
210,car,0.97328,0.870141,2.23086
232,car,0.920526,0.904652,0.180705
229,car,0.865823,0.816882,0.42045
200,car,0.956101,0.828587,3.38357
237,car,0.792939,0.734562,0.073038
235,car,0.850077,0.805289,0.483696
214,car,0.972686,0.873984,2.86054
213,car,0.933139,0.808299,2.98522
226,car,0.944347,0.849867,2.13181
218,car,0.966209,0.875545,3.30231
221,car,0.9677,0.861342,3.25965
230,car,0.919642,0.785452,2.17929
222,car,0.96083,0.878311,3.30401
242,car,0.835543,0.824685,0.0168476
241,car,0.89929,0.768861,0.491925
240,car,0.901714,0.780747,0.507242
239,car,0.942745,0.879747,0.831212
238,car,0.892846,0.814312,0.920406
236,car,0.976412,0.902641,1.4986
233,car,0.965313,0.929754,1.72452
231,car,0.967178,0.893028,2.18682
228,car,0.956915,0.876584,2.49682
227,car,0.955848,0.839495,2.51665
219,car,0.96826,0.907075,3.48632
217,car,0.968991,0.882233,3.70002
211,car,0.97096,0.891183,4.09206
197,car,0.972244,0.927954,5.10263
196,car,0.960773,0.815991,5.15281
193,car,0.910773,0.780677,5.2051
234,car,0.96066,0.893361,1.58496
175,car,0.925231,0.699358,9.49598
167,car,0.958977,0.789705,9.90516
201,car,0.972365,0.871054,5.01888
243,car,0.879035,0.746513,0.455294
245,car,0.8376,0.611293,0.903103
250,car,0.523271,0.363016,0.944432
258,car,0.263643,0.230494,0.380139
246,car,0.941186,0.810521,2.15095
249,car,0.943951,0.798192,2.2675
263,car,0.425357,0.362564,0.302354
247,car,0.94315,0.795689,2.97806
253,car,0.941351,0.782923,2.76021
251,car,0.960886,0.763634,3.22709
255,car,0.937769,0.770343,3.10883
261,car,0.933794,0.786492,2.26411
257,car,0.919308,0.747884,3.22407
254,car,0.330967,0.250375,3.66
259,car,0.945289,0.742013,3.55718
260,car,0.932857,0.793882,2.83992
262,car,0.957163,0.794976,2.53532
276,car,0.66365,0.399205,0.132765
273,car,0.881257,0.597895,0.334701
283,car,0.87759,0.729169,0.0975291
265,car,0.958079,0.807551,2.10024
285,car,0.654868,0.583775,0.117798
288,car,0.757629,0.632868,0.134297
290,car,0.761746,0.633649,0.185105
280,car,0.946445,0.811266,0.75891
266,car,0.965212,0.800749,2.51045
264,car,0.937241,0.788113,3.22176
275,car,0.901047,0.70693,1.18719
293,car,0.783145,0.664848,0.14112
289,car,0.925748,0.772927,0.839531
284,car,0.964549,0.817485,1.17508
286,car,0.909296,0.781506,1.39108
269,car,0.962489,0.791532,2.96372
272,car,0.971794,0.830893,2.45168
296,car,0.971876,0.907565,0.894384
270,car,0.95236,0.819337,2.86212
268,car,0.935721,0.761433,3.51907
271,car,0.942664,0.827665,2.89791
306,car,0.805955,0.782343,0.0211509
301,car,0.856475,0.758713,0.648354
244,person,0.887116,0.518931,8.22988
267,car,0.953906,0.757835,3.94521
279,car,0.883439,0.649397,2.45795
252,person,0.860159,0.610431,7.09838
305,car,0.948542,0.917499,0.478395
297,car,0.767966,0.701155,1.37247
287,car,0.964958,0.855011,2.33786
304,car,0.967083,0.907511,1.12408
291,car,0.97328,0.870141,2.23504
310,car,0.865823,0.816882,0.40397
313,car,0.920526,0.904652,0.185753
281,car,0.956101,0.828587,3.38003
318,car,0.792939,0.734562,0.0773442
316,car,0.850077,0.805289,0.501233
295,car,0.972686,0.873984,2.88963
294,car,0.933139,0.808299,3.03001
307,car,0.944347,0.849867,2.17909
299,car,0.966209,0.875545,3.33036
302,car,0.9677,0.861342,3.30738
311,car,0.919642,0.785452,2.19788
303,car,0.96083,0.878311,3.36397
323,car,0.835543,0.824685,0.00840424
322,car,0.89929,0.768861,0.498151
321,car,0.901714,0.780747,0.513984
320,car,0.942745,0.879747,0.84768
319,car,0.892846,0.814312,0.939149
317,car,0.976412,0.902641,1.5399
314,car,0.965313,0.929754,1.75309
312,car,0.967178,0.893028,2.2144
309,car,0.956915,0.876584,2.55176
308,car,0.955848,0.839495,2.56577
300,car,0.96826,0.907075,3.52786
298,car,0.968991,0.882233,3.74951
292,car,0.97096,0.891183,4.14434
278,car,0.972244,0.927954,5.1491
277,car,0.960773,0.815991,5.16398
274,car,0.910773,0.780677,5.20924
315,car,0.96066,0.893361,1.61438
256,car,0.925231,0.699358,9.4399
248,car,0.958977,0.789705,9.86103
282,car,0.972365,0.871054,5.04431
324,car,0.879035,0.746513,0.507047
326,car,0.8376,0.611293,0.916776
339,car,0.263643,0.230494,0.37822
331,car,0.523271,0.363016,0.939658
